speech_id,stratum,date,specific_topic,speaker,speaker_country,src_tokens,src_duration,n_seg_ST,n_seg_TT,polarity_ST,polarity_TT,delta_polarity
10-03-04-m-005,II,2004-03-10,"Preparation of the European Council (Brussels, 25-26 March 2004) – Follow-up to the IGC","Roche, Dick",IRL,1521,00:08:48,62,60,0.129,0.1667,0.0377
10-03-04-m-006,II,2004-03-10,"Preparation of the European Council (Brussels, 25-26 March 2004) – Follow-up to the IGC","Kinnock, Neil",GBR,1281,00:10:03,46,47,0.087,0.1702,0.0832
11-02-04-m-045,I,2004-02-11,Nuclear disarmament,"Evans, Jillian",GBR,357,00:02:10,15,17,0.1333,0.0588,-0.0745
11-02-04-m-046,I,2004-02-11,Nuclear disarmament,"Roche, Dick",IRL,1204,00:07:38,46,40,0.2174,0.0,-0.2174
11-02-04-m-047,I,2004-02-11,Nuclear disarmament,"Patten, Christopher",GBR,1022,00:07:08,40,46,-0.075,-0.0652,0.0098
11-02-04-m-051,I,2004-02-11,Nuclear disarmament,"McKenna, Patricia",IRL,357,00:01:51,12,14,0.0833,0.0,-0.0833
11-02-04-m-053,I,2004-02-11,Nuclear disarmament,"Lucas, Caroline",GBR,227,00:01:21,13,11,0.0769,-0.0909,-0.1678
11-02-04-p-121,I,2004-02-11,Position of the European Union on the hearing in the International Court of Justice on the Israeli wall,"Roche, Dick",IRL,1478,00:09:33,57,52,0.2632,0.0833,-0.1799
11-02-04-p-124,I,2004-02-11,Position of the European Union on the hearing in the International Court of Justice on the Israeli wall,"Ludford, Baroness Sarah",GBR,364,00:02:04,22,14,0.1364,0.0,-0.1364
11-02-04-p-129,I,2004-02-11,Position of the European Union on the hearing in the International Court of Justice on the Israeli wall,"Cushnahan, John Walls",IRL,637,00:03:34,27,19,0.1852,0.2105,0.0253
11-02-04-p-132,I,2004-02-11,Position of the European Union on the hearing in the International Court of Justice on the Israeli wall,"Lucas, Caroline",GBR,396,00:02:10,17,17,0.0,-0.1176,-0.1176
11-02-04-p-140,I,2004-02-11,Position of the European Union on the hearing in the International Court of Justice on the Israeli wall,"Roche, Dick",IRL,953,00:05:00,32,26,0.125,0.1154,-0.0096
12-02-04-m-006,I,2004-02-12,Afghanistan,"Patten, Christopher",GBR,1243,00:09:39,55,41,0.1636,0.0976,-0.066
12-02-04-m-016,I,2004-02-12,Afghanistan,"Nicholson of Winterbourne, Baroness",GBR,279,00:01:57,16,10,-0.125,-0.1,0.025
12-02-04-m-019,I,2004-02-12,Afghanistan,"Sandbaek, Ulla Margrethe",DNK,451,00:03:14,28,22,0.0,0.0909,0.0909
12-02-04-m-020,I,2004-02-12,Afghanistan,"Tannock, Timothy Charles Ayrton",GBR,320,00:02:04,12,14,0.0833,-0.1429,-0.2262
12-02-04-m-021,I,2004-02-12,Afghanistan,"Stihler, Catherine",GBR,386,00:02:15,21,17,0.0476,0.0588,0.0112
12-02-04-m-025,I,2004-02-12,Afghanistan,"Ford, Glyn",GBR,499,00:02:42,23,17,0.1304,0.0,-0.1304
12-02-04-m-027,I,2004-02-12,Afghanistan,"Deva, Nirj",GBR,381,00:02:14,18,15,0.1667,-0.1333,-0.3
12-02-04-m-031,I,2004-02-12,Reinvigorating EU actions on human rights and democratisation with Mediterranean partners,"Patten, Christopher",GBR,1304,00:10:08,54,48,0.2963,0.2361,-0.0602
12-02-04-m-037,I,2004-02-12,Reinvigorating EU actions on human rights and democratisation with Mediterranean partners,"McMillan-Scott, Edward H.C.",GBR,687,00:04:21,25,24,0.52,0.4583,-0.0617
12-02-04-m-044,I,2004-02-12,Reinvigorating EU actions on human rights and democratisation with Mediterranean partners,"Patten, Christopher",GBR,688,00:05:03,28,27,0.2143,0.1852,-0.0291
12-02-04-p-127,I,2004-02-12,Elections in Iran,"Tannock, Timothy Charles Ayrton",GBR,178,00:01:05,9,5,0.4444,0.6,0.1556
12-02-04-p-131,I,2004-02-12,Elections in Iran,"Patten, Christopher",GBR,1159,00:09:04,56,47,0.2679,0.2553,-0.0126
12-02-04-p-137,I,2004-02-12,Political assassinations in Cambodia,"Watson, Graham R.",GBR,357,00:02:17,19,16,-0.0526,0.0625,0.1151
12-02-04-p-141,I,2004-02-12,Political assassinations in Cambodia,"Patten, Christopher",GBR,351,00:02:50,15,11,0.2,0.0,-0.2
21-04-04-m-051,I,2004-04-21,Situation in the Middle East,"Roche, Dick",IRL,1143,00:07:28,39,39,0.2479,0.1197,-0.1282
21-04-04-m-053,I,2004-04-21,Situation in the Middle East,"Patten, Christopher",GBR,1667,00:11:51,70,67,0.1714,0.194,0.0226
21-04-04-m-056,I,2004-04-21,Situation in the Middle East,"Ludford, Baroness Sarah",GBR,573,00:03:33,23,19,0.0,-0.1053,-0.1053
21-04-04-m-059,I,2004-04-21,Situation in the Middle East,"De Rossa, Proinsias",IRL,332,00:01:55,11,10,0.0909,0.1,0.0091
21-04-04-m-060,I,2004-04-21,Situation in the Middle East,"Roche, Dick",IRL,1327,00:07:04,58,55,0.0517,0.0909,0.0392
21-04-04-m-064,I,2004-04-21,Transatlantic relations,"Roche, Dick",IRL,2365,00:12:22,92,87,0.0978,0.092,-0.0058
21-04-04-m-066,I,2004-04-21,Transatlantic relations,"Patten, Christopher",GBR,1538,00:11:13,60,59,0.1222,0.0508,-0.0714
21-07-04-m-005,II,2004-07-21,European Council/Irish presidency,"Ahern, Bertie",IRL,4168,00:21:24,170,141,0.1353,0.1135,-0.0218
21-07-04-m-009,II,2004-07-21,European Council/Irish presidency,"Duff, Andrew",GBR,345,00:05:02,20,22,-0.1,0.0455,0.1455
21-07-04-m-013,II,2004-07-21,European Council/Irish presidency,"Crowley, Brian",IRL,850,00:04:50,23,22,0.2174,0.0455,-0.1719
21-07-04-m-015,II,2004-07-21,European Council/Irish presidency,"Doyle, Avril",IRL,895,00:04:52,36,35,0.0833,0.0,-0.0833
21-07-04-m-016,II,2004-07-21,European Council/Irish presidency,"De Rossa, Proinsias",IRL,335,00:02:12,14,10,0.1429,0.1,-0.0429
21-07-04-m-017,II,2004-07-21,European Council/Irish presidency,"Harkin, Marian",IRL,299,00:02:01,14,12,-0.1429,0.1667,0.3096
21-07-04-m-019,II,2004-07-21,European Council/Irish presidency,"McDonald, Mary Lou",IRL,178,00:01:12,9,12,0.2222,0.0,-0.2222
21-07-04-m-020,II,2004-07-21,European Council/Irish Presidency,"Sinnot, Kathy",IRL,306,00:01:59,18,16,0.1667,0.125,-0.0417
21-07-04-m-022,II,2004-07-21,European Council/Irish Presidency,"Allister, James Hugh",GBR,354,00:02:08,13,15,0.2308,0.0667,-0.1641
21-07-04-m-026,II,2004-07-21,"European Council/Irish Presidency, Sinn Féin group's expectations from new presidency","de Brún, Bairbre",GBR,223,00:01:14,12,9,0.4167,0.5556,0.1389
21-07-04-m-027,II,2004-07-21,European Council/Irish presidency,"Allister, James Hugh",GBR,354,00:02:08,22,24,0.1364,0.0417,-0.0947
21-07-04-m-033,II,2004-07-21,European Council/Irish presidency,"Ahern, Bertie",IRL,2011,00:10:48,91,85,0.2088,0.1294,-0.0794
26-02-04-m-008,I,2004-02-26,EU-Russia relations,"Patten, Christopher",GBR,987,00:07:27,37,39,0.1622,0.1282,-0.034
26-02-04-m-020,I,2004-02-26,EU-Russia relations,"Tannock, Timothy Charles Ayrton",GBR,349,00:02:04,13,13,0.0,0.0769,0.0769
26-02-04-m-032,I,2004-02-26,EU Policy towards South Caucasus,"Patten, Christopher",GBR,845,00:06:25,32,31,0.2708,0.0699,-0.2009
26-02-04-m-040,I,2004-02-26,EU Policy towards South Caucasus,"Ludford, Baroness Sarah",GBR,187,00:01:10,10,11,0.0,0.0,0.0
26-02-04-m-042,I,2004-02-26,EU Policy towards South Caucasus,"Howitt, Richard",GBR,400,00:02:21,19,19,-0.1053,0.0,0.1053
30-03-04-p-168,I,2004-03-30,"Joint initiative for peace, stability and democracy throughout the Middle East","Roche, Dick",IRL,1534,00:09:15,66,68,0.2121,0.1765,-0.0356
30-03-04-p-169,I,2004-03-30,Joint initiative for peace stability and democracy throughout the Middle East,"Patten, Christopher",GBR,1565,00:11:55,57,82,0.2456,0.0732,-0.1724
30-03-04-p-170,I,2004-03-30,Joint initiative for peace stability and democracy throughout the Middle East,"Cox, Patrick",IRL,273,00:01:51,8,10,0.125,0.2,0.075
30-03-04-p-185,I,2004-03-30,Joint initiative for peace stability and democracy throughout the Middle East,"Sandbaek, Ulla Margrethe",DNK,223,00:01:41,15,16,-0.0667,0.0625,0.1292
30-03-04-p-186,I,2004-03-30,Joint initiative for peace stability and democracy throughout the Middle East,"Tannock, Timothy Charles Ayrton",GBR,368,00:02:13,13,12,0.3077,0.0833,-0.2244
30-03-04-p-191,I,2004-03-30,Joint initiative for peace stability and democracy throughout the Middle East,"McMillan-Scott, Edward H.C.",GBR,394,00:02:26,20,20,0.25,0.4,0.15
30-03-04-p-194,I,2004-03-30,Joint initiative for peace stability and democracy throughout the Middle East,"Banotti, Mary Elizabeth",IRL,378,00:02:29,14,16,0.0714,0.3125,0.2411
30-03-04-p-198,I,2004-03-30,Joint initiative for peace stability and democracy throughout the Middle East,"De Rossa, Proinsias",IRL,244,00:01:39,12,13,0.0,0.0,0.0
30-03-04-p-200,I,2004-03-30,Joint initiative for peace stability and democracy throughout the Middle East,"Roche, Dick",IRL,373,00:01:52,18,16,0.1111,0.1875,0.0764
30-03-04-p-206,I,2004-03-30,Situation in Kosovo,"Roche, Dick",IRL,1428,00:08:35,56,54,0.0714,-0.0741,-0.1455
30-03-04-p-207,I,2004-03-30,Situation in Kosovo,"Patten, Christopher",GBR,1084,00:08:24,58,57,-0.0259,-0.0702,-0.0443
31-03-04-m-009,II,2004-03-31,European Council / Security,"Ahern, Bertie",IRL,3621,00:20:33,161,155,0.0683,0.0452,-0.0231
31-03-04-m-013,II,2004-03-31,European Council / Security,"Watson, Graham R.",GBR,645,00:04:16,40,33,0.05,-0.0303,-0.0803
31-03-04-m-016,II,2004-03-31,European Council / Security,"Collins, Gerard",IRL,760,00:04:13,38,31,0.1842,0.0753,-0.1089
31-03-04-m-019,II,2004-03-31,European Council / Security,"Doyle, Avril",IRL,580,00:03:35,36,32,0.1944,-0.0625,-0.2569
31-03-04-m-031,II,2004-03-31,European Council / Security,"Booth, Graham",GBR,197,00:01:05,11,8,0.1818,0.25,0.0682
31-03-04-m-033,II,2004-03-31,European Council / Security,"Evans, Jonathan",GBR,399,00:02:13,22,22,0.1364,0.0,-0.1364
31-03-04-m-034,II,2004-03-31,European Council / Security,"De Rossa, Proinsias",IRL,483,00:03:37,19,14,0.0,0.0,0.0
31-03-04-m-043,II,2004-03-31,European Council / Security,"Corbett, Richard",GBR,551,00:03:12,29,33,0.1034,0.0303,-0.0731
31-03-04-m-048,II,2004-03-31,European Council / Security,"Tannock, Timothy Charles Ayrton",GBR,342,00:02:13,16,17,0.0625,-0.1176,-0.1801
31-03-04-m-051,II,2004-03-31,European Council / Security,"Ahern, Bertie",IRL,3216,00:17:37,115,136,0.1043,0.0588,-0.0455
