word,freq
__TOTAL__,89741
the,6653
of,3214
to,3132
and,3093
in,2206
that,1792
a,1616
i,1236
is,1216
we,1059
this,1022
on,1016
for,957
be,719
have,689
it,676
you,614
as,580
are,547
with,535
will,506
by,476
not,454
european,421
mr,405
has,376
president,370
our,363
commission,355
which,348
at,330
there,318
but,318
very,313
been,305
from,303
thank,288
would,288
an,287
all,274
also,260
two,259
one,257
union,255
was,237
they,233
if,227
can,217
parliament,217
so,208
do,208
think,207
states,205
member,204
should,201
council,200
their,190
about,186
or,180
what,179
my,175
now,168
report,167
it's,166
must,165
work,157
like,154
more,151
these,149
issue,146
need,146
some,145
europe,143
thousand,142
house,140
much,139
who,138
people,136
your,135
because,132
time,130
when,129
important,127
say,127
me,125
many,124
last,123
its,122
those,120
make,118
well,116
no,115
were,113
first,111
made,110
new,108
debate,107
out,105
want,105
just,103
other,102
take,101
i'm,100
eu,100
into,98
three,98
any,97
us,97
know,96
point,93
course,93
up,93
only,92
today,91
being,90
financial,89
proposal,89
where,88
he,86
political,86
support,85
year,85
may,85
such,85
committee,85
within,83
then,83
mrs,83
years,82
how,82
group,82
commissioner,81
said,81
than,80
agenda,78
vote,78
between,77
relation,77
had,77
question,77
human,76
could,75
good,75
members,75
right,75
public,74
issues,74
believe,74
directive,73
five,73
see,72
ensure,72
them,72
again,72
before,72
way,71
rights,71
put,71
services,70
here,70
number,70
particular,70
his,69
decision,69
give,68
fact,68
under,68
hope,68
health,68
both,67
area,67
most,65
presidency,65
amendments,65
place,64
through,64
own,64
world,63
measures,63
case,63
process,63
colleagues,63
therefore,62
level,62
countries,62
regulation,61
rapporteur,61
law,61
view,61
four,61
future,60
food,60
economic,59
social,59
community,59
let,59
indeed,58
policy,58
already,58
come,58
over,57
twenty,57
meat,57
international,56
next,56
situation,56
respect,56
matter,56
clear,55
against,55
cyprus,55
action,54
forward,54
get,54
going,53
look,53
we've,52
working,52
welcome,52
common,52
animals,52
progress,52
don't,51
per,51
citizens,50
i've,50
united,50
rules,50
development,49
better,49
cooperation,49
taken,49
lisbon,48
cannot,48
government,47
state,47
possible,47
done,47
market,46
actually,46
same,46
agreement,46
plan,45
able,45
still,45
authorities,45
however,45
industry,44
please,44
security,44
sure,44
commission's,44
framework,44
national,44
something,44
business,43
system,43
opportunity,43
there's,43
general,43
adopted,43
order,43
long,43
including,43
agencies,43
women,43
i'd,42
employment,42
legislation,42
best,42
areas,42
nine,42
clearly,42
concern,42
animal,42
particularly,42
trafficking,42
part,41
implementation,41
that's,41
country,41
go,41
compromise,41
trade,41
continue,41
hours,40
set,40
nineteen,40
legal,40
treaty,40
irish,40
even,40
kind,40
ten,39
end,39
regard,39
behalf,39
cent,39
ask,39
am,39
proposals,38
position,38
does,38
quite,38
full,38
every,38
institutions,38
based,37
back,37
protection,37
programme,37
too,37
further,37
minutes,37
meeting,37
disease,37
key,37
controls,37
role,37
deal,36
did,36
great,36
hundred,36
safety,36
asked,36
use,35
attention,35
given,35
whether,35
session,35
response,35
feed,35
centre,35
justice,35
control,34
growth,34
high,34
understand,34
necessary,34
proposed,34
interest,34
uk,34
approach,34
agree,33
fifty,33
during,33
wish,33
day,33
we're,32
really,32
together,32
might,32
access,31
answer,31
life,31
third,31
far,31
recognise,31
fully,31
questions,31
eight,31
importance,30
six,30
sustainable,30
basis,30
information,30
why,30
groups,30
doing,30
bank,30
gender,30
since,29
consumers,29
standards,29
opinion,29
recent,29
few,29
ago,29
balance,29
example,29
risk,29
honourable,29
yes,29
lot,28
fundamental,28
taking,28
period,28
across,28
change,28
points,28
another,28
quality,28
seven,28
coming,28
conference,28
agreements,28
week,28
welfare,28
ban,28
making,28
problem,28
freedom,28
terrorism,28
try,28
agreed,28
economy,27
terms,27
equality,27
her,27
chairman,27
concerns,27
while,27
migration,27
concerned,26
opt,26
down,26
strategy,26
research,26
got,26
needs,26
comments,26
second,26
past,26
open,26
earlier,26
commitment,26
rating,26
things,25
rest,25
nations,25
governments,25
different,25
asylum,25
least,25
serious,25
regards,25
poultry,25
means,25
mentioned,25
regional,25
budget,25
greek,25
organs,25
workers,24
after,24
priority,24
initiative,24
investment,24
transport,24
ninety,24
transparency,24
him,24
subject,24
family,24
dialogue,24
statement,24
crime,24
free,24
whole,24
december,24
turkish,24
contribution,24
without,24
present,24
communication,24
criminal,24
reform,23
labour,23
speak,23
directives,23
meet,23
less,23
consultation,23
later,23
each,23
focus,23
force,23
products,23
inspection,23
yet,23
allow,23
current,23
moment,23
tampere,23
affairs,23
markets,22
having,22
office,22
summit,22
million,22
referred,22
positive,22
convention,22
immigration,22
sector,22
following,22
properly,22
review,22
aware,22
chicken,22
effective,22
efforts,22
responsibility,22
appropriate,22
raised,22
february,22
major,22
perhaps,22
parmalat,22
guidelines,22
reports,21
proper,21
jobs,21
negotiations,21
policies,21
strong,21
home,21
sense,21
recently,21
received,21
informed,21
stability,21
rather,21
trying,21
congratulate,21
settlement,21
circumstances,21
evidence,21
themselves,21
tomorrow,21
decisions,21
address,21
rule,21
objective,21
several,21
flexibility,20
simply,20
improve,20
itself,20
brussels,20
they're,20
barroso,20
certainly,20
start,20
term,20
essential,20
various,20
accession,20
note,20
floor,20
resolution,20
enforcement,20
enough,20
interests,20
interesting,20
days,20
cypriots,20
majority,20
guarantees,20
once,20
staff,20
secondly,20
advice,20
pay,20
children,20
discrimination,20
speakers,19
difficult,19
become,19
significant,19
bring,19
practice,19
environment,19
impact,19
greater,19
morning,19
democracy,19
minister,19
democratic,19
press,19
final,19
criteria,19
included,19
looking,19
global,19
thailand,19
seventy,19
finally,19
achieve,19
turkey,19
live,19
due,19
diseases,19
relevant,19
others,19
considerable,19
certain,19
integration,19
although,19
police,19
april,19
special,19
context,19
energy,18
environmental,18
regulatory,18
pleased,18
prepared,18
board,18
conclusion,18
face,18
we'll,18
party,18
court,18
effect,18
draft,18
procedures,18
indicated,18
central,18
america,18
favour,18
always,18
equally,18
slaughter,18
account,18
result,18
threat,18
hard,18
existing,18
text,18
asia,18
can't,18
expect,18
regarding,18
single,18
sanctions,18
real,18
leadership,18
companies,18
liberals,18
hand,18
democrats,18
reconciliation,18
seen,17
cost,17
small,17
guarantee,17
available,17
parliamentary,17
fifteen,17
ways,17
he's,17
principles,17
money,17
item,17
personal,17
involved,17
objectives,17
package,17
towards,17
activities,17
reading,17
find,17
independent,17
borders,17
refer,17
needed,17
never,17
upon,17
civil,17
act,17
perspective,17
fraud,17
consider,17
illegal,17
nor,17
aspects,16
implement,16
increase,16
constitution,16
side,16
committees,16
self,16
join,16
levels,16
comes,16
constitutional,16
seems,16
reasons,16
sitting,16
thursday,16
parties,16
times,16
provisions,16
crucial,16
overall,16
cooked,16
prevent,16
throughout,16
excellent,16
enable,16
participation,16
possibility,16
discussion,16
closely,16
purpose,16
views,16
main,16
keep,16
challenge,16
words,16
region,16
provide,16
recall,16
joint,16
problems,16
spring,16
job,16
led,16
afternoon,16
you've,16
remarks,16
combat,16
cases,15
around,15
internal,15
create,15
e,15
found,15
failed,15
paper,15
she,15
months,15
requirements,15
outside,15
language,15
elections,15
accept,15
request,15
march,15
expressed,15
weeks,15
conditions,15
achieved,15
voted,15
flu,15
correct,15
de,15
speaking,15
complete,15
relations,15
systems,15
provides,15
safe,15
potential,15
commercial,15
reason,15
elements,15
capacity,15
step,15
fair,15
specific,15
assessment,15
union's,15
matters,15
article,15
reality,14
mean,14
move,14
introduce,14
came,14
institution,14
challenges,14
farm,14
ensuring,14
sometimes,14
short,14
comment,14
annan,14
express,14
movement,14
difficulties,14
experience,14
completely,14
authority,14
labelling,14
reached,14
mention,14
madam,14
little,14
membership,14
practical,14
low,14
germany,14
doesn't,14
lead,14
scope,14
heard,14
solidarity,14
actions,14
whatever,14
ready,14
regions,14
external,14
presented,14
procedure,14
extremely,14
conclude,14
data,14
amendment,14
local,14
extractive,14
help,14
conclusions,14
organisations,14
governance,14
establish,14
reach,14
europol,14
sorry,13
leaders,13
knowledge,13
add,13
often,13
implemented,13
wide,13
supported,13
continent,13
prodi,13
roche,13
credit,13
large,13
british,13
arrangements,13
brought,13
registration,13
respond,13
management,13
travel,13
declaration,13
makes,13
until,13
origin,13
analysis,13
tackle,13
contributions,13
intend,13
island,13
big,13
follow,13
satisfied,13
outbreak,13
absolutely,13
instance,13
thing,13
reference,13
stage,13
saying,13
thirty,13
euro,13
society,13
beyond,13
europe's,13
resources,13
raise,13
light,13
line,13
votes,13
november,13
documents,13
council's,13
consideration,13
industries,13
seem,13
happened,13
recognition,13
non,13
opportunities,13
assistance,13
committed,13
effort,13
happen,13
men,13
recognised,13
projects,13
company,13
lloyd's,13
individual,13
regime,13
application,13
among,13
colombia,13
mandate,13
reflect,13
talking,12
range,12
produced,12
goals,12
half,12
alone,12
perspectives,12
provision,12
effectively,12
didn't,12
took,12
parts,12
mind,12
capital,12
used,12
protect,12
english,12
voting,12
presidents,12
secretary,12
complex,12
verheugen,12
lack,12
duty,12
iraq,12
training,12
ahead,12
shall,12
early,12
quickly,12
pact,12
feel,12
ourselves,12
creation,12
called,12
avian,12
strongly,12
task,12
yesterday,12
official,12
organisation,12
glad,12
inspectors,12
ministers,12
draw,12
scientific,12
journeys,12
provided,12
hear,12
results,12
deliver,12
especially,12
nature,12
hygiene,12
gone,12
ratings,12
fight,12
commissioners,12
return,12
commitments,12
media,12
agency,12
establishment,12
close,12
contribute,12
recommendations,12
play,12
value,12
friend,12
colleague,12
katiforis,12
scale,12
victims,12
violence,12
combating,12
gonna,11
steps,11
plans,11
run,11
despite,11
remain,11
seek,11
young,11
wanted,11
regulations,11
supports,11
message,11
huge,11
chance,11
submitted,11
true,11
quote,11
share,11
treatment,11
tabled,11
journey,11
rapid,11
myself,11
reflected,11
goes,11
apply,11
conscious,11
everything,11
carefully,11
thanks,11
inform,11
operators,11
enhance,11
avoid,11
currently,11
evening,11
soon,11
january,11
twelve,11
sixty,11
border,11
spread,11
benefit,11
principle,11
shown,11
organised,11
statements,11
whilst,11
addressed,11
conflict,11
poverty,11
sides,11
careful,11
speech,11
decided,11
instruments,11
call,11
thirteen,11
plenary,11
judicial,11
recovery,11
co,11
stand,11
determination,11
remind,11
choice,11
wider,11
funds,11
legislative,11
tell,11
measure,11
mining,11
form,11
document,11
counterfeiting,11
beings,11
list,10
forthcoming,10
implementing,10
strengthen,10
urge,10
build,10
war,10
nothing,10
power,10
agricultural,10
facts,10
replace,10
fourth,10
distributed,10
degree,10
cypriot,10
maat,10
relating,10
export,10
slaughterhouses,10
changes,10
climate,10
felt,10
elected,10
creating,10
byrne,10
imports,10
left,10
veterinary,10
takes,10
competent,10
parliament's,10
useful,10
production,10
developed,10
vietnam,10
exercise,10
history,10
operation,10
communicable,10
influenza,10
import,10
month,10
aspect,10
what's,10
detailed,10
higher,10
show,10
remains,10
practices,10
south,10
discussions,10
impossible,10
hold,10
charter,10
concerning,10
differences,10
inclusion,10
accepted,10
thought,10
giving,10
pressure,10
green,10
dossier,10
grateful,10
presidencies,10
along,10
begin,10
women's,10
ireland,10
latin,10
either,10
care,10
enlarged,10
technical,10
croatia,10
responsible,10
man,10
infringement,10
proceedings,10
repeat,10
catalan,10
probably,10
uribe,10
anti,10
worth,10
enlargement,10
wednesday,10
private,10
emphasise,9
vital,9
lives,9
getting,9
education,9
initiatives,9
corporate,9
highest,9
remember,9
lose,9
off,9
send,9
says,9
agriculture,9
insurance,9
you'll,9
status,9
study,9
letter,9
record,9
approved,9
balanced,9
carry,9
vehicle,9
adoption,9
old,9
air,9
putting,9
went,9
compliance,9
constructive,9
bringing,9
spoke,9
truly,9
outset,9
team,9
require,9
comprehensive,9
developing,9
adopt,9
aim,9
functioning,9
identified,9
occasions,9
visit,9
responses,9
obviously,9
carried,9
allowed,9
outlined,9
pigs,9
confidence,9
vice,9
prosperity,9
concrete,9
broad,9
discuss,9
struck,9
historic,9
communities,9
include,9
sufficient,9
june,9
negative,9
slaughterhouse,9
requires,9
scotland,9
promote,9
west,9
type,9
assist,9
specifically,9
standing,9
east,9
everyone,9
almost,9
encourage,9
hake,9
fishing,9
length,9
unfortunately,9
association,9
annual,9
colom,9
maritime,9
related,9
firstly,9
accounts,9
dealing,9
organ,9
exchange,9
correctly,9
launched,9
benefits,9
coordination,9
operational,9
piracy,9
equal,9
basque,9
fees,9
affected,9
addressing,8
competitive,8
produce,8
direction,8
red,8
dangerous,8
costs,8
reforms,8
achievements,8
increasingly,8
unless,8
service,8
integrated,8
customs,8
building,8
competitiveness,8
independence,8
model,8
told,8
bad,8
unacceptable,8
critical,8
post,8
families,8
facing,8
obligation,8
forget,8
successful,8
isn't,8
dynamic,8
perfectly,8
attempt,8
requests,8
andean,8
held,8
starting,8
briefly,8
exclusion,8
otherwise,8
reduction,8
planning,8
monitoring,8
ability,8
increasing,8
signed,8
thai,8
amount,8
ms,8
engage,8
exist,8
forces,8
inside,8
paulsen,8
purposes,8
evaluation,8
reported,8
works,8
netherlands,8
population,8
birds,8
sort,8
stated,8
faced,8
debates,8
minute,8
meps,8
representatives,8
north,8
peace,8
propose,8
century,8
addition,8
raw,8
forty,8
night,8
route,8
reunification,8
discussing,8
midday,8
heads,8
normal,8
liberties,8
beginning,8
invite,8
proportionate,8
field,8
ambitious,8
likely,8
responsibilities,8
mainly,8
basically,8
institutional,8
reasonable,8
wrong,8
auditors,8
turn,8
american,8
older,8
mutual,8
proceed,8
rapidly,8
shared,8
alliance,8
funding,8
eighty,8
sectors,8
paid,8
brief,8
disclosure,8
september,8
kingdom,8
entry,8
financing,8
aid,8
urgent,8
simple,8
anyone,8
terrorist,8
proposing,8
abuse,8
rate,8
personally,8
promotion,8
top,8
promoting,8
appointment,8
today's,8
moreover,8
spanish,8
late,7
focusing,7
accordance,7
changed,7
let's,7
suggest,7
super,7
hasn't,7
believes,7
whose,7
stop,7
easy,7
vitorino,7
similar,7
cooperate,7
living,7
maintain,7
farms,7
frankly,7
you're,7
explain,7
petitions,7
spirit,7
improving,7
sea,7
wishes,7
proposition,7
kofi,7
fulfil,7
sad,7
sympathy,7
prepare,7
extent,7
stronger,7
preference,7
becomes,7
trust,7
core,7
away,7
happy,7
maximum,7
doubt,7
wasn't,7
banned,7
maybe,7
arise,7
n,7
touched,7
focused,7
relationship,7
contributed,7
welcomes,7
played,7
events,7
respected,7
primary,7
undertaken,7
underline,7
gives,7
businesses,7
required,7
consequences,7
scheme,7
haven't,7
sent,7
oie,7
assure,7
extend,7
ultimately,7
couple,7
presence,7
confirmed,7
virus,7
sixth,7
impressed,7
seriously,7
factor,7
limit,7
solution,7
shows,7
vehicles,7
idea,7
candidate,7
cause,7
partners,7
competition,7
vision,7
base,7
peoples,7
success,7
spent,7
offer,7
immigrants,7
prevention,7
materials,7
resolve,7
remaining,7
details,7
table,7
adequate,7
name,7
defined,7
appear,7
direct,7
sensitive,7
gave,7
size,7
looks,7
recommendation,7
nearly,7
rise,7
started,7
scandals,7
enron,7
foreign,7
behind,7
cohesion,7
re,7
latest,7
decade,7
decide,7
consistent,7
willing,7
cuts,7
deeply,7
operations,7
established,7
northern,7
fisheries,7
facilitate,7
charleroi,7
names,7
element,7
hague,7
contact,7
congratulations,7
speaker,7
closed,7
rejected,7
thirdly,7
accounting,7
aimed,7
knows,7
prior,7
reply,7
instrument,7
shadow,7
barrier,7
oral,7
continued,7
noted,7
partner,7
inter,7
substantial,7
endorsed,7
according,7
expert,7
minority,7
joan,7
torture,7
illicit,7
alleged,7
karamanou,7
lost,7
amsterdam,7
sign,7
paragraph,7
calls,6
increased,6
operate,6
saw,6
scandal,6
mark,6
withdrawal,6
wants,6
read,6
rightly,6
income,6
standard,6
keeping,6
undermine,6
farming,6
continuing,6
biggest,6
offshore,6
pursued,6
legitimate,6
french,6
listed,6
monday,6
tuesday,6
copenhagen,6
italian,6
appeal,6
detail,6
travelling,6
near,6
thanking,6
delighted,6
ones,6
changing,6
reaching,6
sir,6
meats,6
exists,6
suggested,6
intentions,6
stakeholders,6
randzio,6
plath,6
obvious,6
researchers,6
progressed,6
aims,6
organise,6
resolutions,6
unnecessary,6
involving,6
cover,6
event,6
introducing,6
experts,6
importation,6
existence,6
network,6
establishing,6
outbreaks,6
introduced,6
suggestion,6
feathers,6
competence,6
officials,6
humans,6
transparent,6
known,6
failure,6
assured,6
ground,6
opinions,6
suffering,6
poor,6
supporting,6
legally,6
includes,6
covered,6
listing,6
exactly,6
choose,6
pakistan,6
concentrate,6
listen,6
unique,6
parliaments,6
priorities,6
invest,6
innovation,6
scientists,6
removal,6
strengthening,6
values,6
types,6
politics,6
procedural,6
stress,6
met,6
acquis,6
talk,6
bit,6
ought,6
foreseen,6
added,6
october,6
sensible,6
noon,6
longer,6
constituency,6
m,6
tragic,6
concluded,6
conduct,6
thorough,6
anything,6
proud,6
crisis,6
welcomed,6
leave,6
failing,6
europeans,6
targets,6
france,6
represent,6
extension,6
advisory,6
discussed,6
occasion,6
original,6
pleasure,6
outcome,6
yourself,6
obligations,6
date,6
worked,6
deep,6
military,6
fishermen,6
constitute,6
tacs,6
enjoy,6
referendum,6
clarity,6
else,6
ladies,6
parental,6
articles,6
delegation,6
ribeiro,6
chair,6
demand,6
former,6
spoken,6
tribute,6
auditor,6
considered,6
audit,6
scrutiny,6
directors,6
via,6
fourty,6
bolkestein,6
dealt,6
using,6
consumer,6
understanding,6
involvement,6
directly,6
engagement,6
banotti,6
acceptable,6
colombian,6
fine,6
strengthened,6
hour,6
female,6
appreciate,6
providing,6
johannesburg,6
difference,6
nevertheless,6
claims,6
tragedy,6
structural,6
thus,6
simap,6
applied,6
register,6
outstanding,6
racial,6
nomination,6
define,6
spain,6
transplantation,6
daphne,6
collective,6
designate,6
madrid,6
negotiated,6
signatures,6
abuses,6
persons,6
significantly,6
person,6
wanna,6
jha,6
turning,5
flexible,5
drive,5
possibly,5
phase,5
additional,5
worse,5
choices,5
budgetary,5
networks,5
news,5
auditing,5
schools,5
reflects,5
election,5
proved,5
bureaucratic,5
himself,5
introduction,5
eu's,5
interpretation,5
geneva,5
separate,5
commend,5
hearing,5
surely,5
farmers,5
attack,5
average,5
maintained,5
fall,5
notice,5
mass,5
push,5
london,5
unemployment,5
project,5
nationals,5
territory,5
shortly,5
protocol,5
epp,5
presentation,5
prime,5
en,5
represents,5
seeks,5
greatly,5
hands,5
immediately,5
silence,5
calling,5
periods,5
mobile,5
clause,5
occur,5
constituents,5
fear,5
yeah,5
prove,5
running,5
extraordinary,5
round,5
helping,5
emphasis,5
necessity,5
liberal,5
seeking,5
represented,5
treat,5
stricter,5
looked,5
promises,5
keppelhoff,5
method,5
withdrawn,5
meets,5
fvo,5
believed,5
lift,5
luxembourg,5
sars,5
responded,5
kinds,5
pre,5
asian,5
italy,5
china,5
competences,5
hopes,5
o'clock,5
surveillance,5
answers,5
parish,5
inspections,5
somebody,5
answered,5
confirm,5
extended,5
fao,5
allowing,5
expertise,5
transported,5
compatibility,5
resulted,5
partnership,5
delivering,5
greatest,5
extending,5
tackling,5
receive,5
college,5
created,5
ambition,5
willingness,5
incentives,5
applies,5
previous,5
taoiseach,5
saturday,5
vast,5
recorded,5
declare,5
purely,5
binding,5
efficient,5
pillar,5
danger,5
granted,5
employees,5
traditional,5
copy,5
absorb,5
languages,5
ratified,5
waters,5
death,5
happening,5
shouldn't,5
ranging,5
enforced,5
concentration,5
delay,5
middle,5
carrying,5
somewhat,5
ever,5
humanitarian,5
theirs,5
economically,5
van,5
ices,5
stocks,5
widespread,5
achievement,5
worrying,5
airline,5
intends,5
assume,5
evans,5
heart,5
intelligent,5
sets,5
stoa,5
publish,5
property,5
castro,5
wynn,5
advancing,5
madame,5
wind,5
starts,5
renewal,5
goal,5
function,5
reporting,5
neither,5
fifteenth,5
spend,5
methods,5
block,5
threats,5
supply,5
socialists,5
un,5
strength,5
eleven,5
reforming,5
won't,5
realistic,5
securities,5
indigenous,5
leading,5
judge,5
whom,5
prejudice,5
socially,5
gas,5
managing,5
manner,5
waste,5
planned,5
slaughtered,5
damage,5
furthermore,5
eve,5
signal,5
opening,5
jaeger,5
judgments,5
availability,5
pandemic,5
extra,5
absence,5
gr,5
announced,5
improvement,5
participate,5
attacks,5
intervention,5
plane,5
donor,5
shortage,5
preparing,5
spending,5
counterfeiters,5
safeguard,5
voluntary,5
percent,5
actively,5
sexual,5
programmes,5
kurdish,5
interventions,5
reduce,5
resumed,5
allegation,5
podest,5
schengen,5
disasters,5
prestige,5
intention,4
items,4
cut,4
easier,4
helped,4
fund,4
code,4
subjected,4
strict,4
enterprise,4
advantage,4
skills,4
grave,4
domestic,4
kinnock,4
politically,4
enormous,4
papers,4
develop,4
modern,4
gain,4
dimension,4
largely,4
lies,4
compare,4
wages,4
gap,4
highlights,4
disaster,4
forced,4
centres,4
firmly,4
disappointed,4
malta,4
abroad,4
observer,4
adjournment,4
remark,4
modest,4
alternative,4
terrorists,4
condemn,4
iraqi,4
observe,4
eat,4
reconciling,4
handled,4
drivers,4
revised,4
democratically,4
governed,4
innovative,4
federal,4
microphone,4
returned,4
hidden,4
exports,4
integrity,4
seventh,4
moved,4
strike,4
entire,4
jonckheer,4
deserves,4
achieving,4
warmly,4
proactive,4
referenda,4
assurance,4
gratitude,4
neighbours,4
picture,4
above,4
efficiency,4
wiechert,4
listening,4
ideas,4
wherever,4
adapt,4
requirement,4
sufficiently,4
implications,4
offered,4
engaged,4
lifting,4
concealment,4
foot,4
requiring,4
product,4
bird,4
refers,4
ongoing,4
passengers,4
exception,4
amounts,4
react,4
pressing,4
truth,4
acting,4
gollnisch,4
links,4
continues,4
martin,4
guidance,4
demonstrated,4
consistently,4
authorisation,4
transporters,4
proposes,4
administrative,4
examined,4
regrettable,4
presidential,4
payments,4
deaths,4
monetary,4
protecting,4
touches,4
powers,4
foresees,4
strategic,4
sustainability,4
path,4
foster,4
finances,4
economies,4
risks,4
cleaner,4
transportation,4
fast,4
age,4
contain,4
offers,4
ahern,4
founded,4
overwhelming,4
serves,4
producing,4
totally,4
migrants,4
guaranteeing,4
tried,4
word,4
touch,4
repressive,4
playing,4
tools,4
mcdowell,4
evaluate,4
eye,4
turned,4
feeling,4
desire,4
feels,4
front,4
written,4
cautious,4
albert,4
remote,4
suspect,4
investors,4
proportions,4
foolish,4
regulated,4
break,4
lessons,4
learn,4
honest,4
horrific,4
amongst,4
built,4
weaknesses,4
total,4
britain,4
inclusive,4
nonetheless,4
urgency,4
millions,4
cross,4
composition,4
unknown,4
governmental,4
recognising,4
timely,4
unduly,4
appointed,4
favourably,4
sex,4
fail,4
pursuing,4
integrate,4
brings,4
significance,4
negotiating,4
collaboration,4
successive,4
autumn,4
peaceful,4
initiate,4
patience,4
leader,4
sadly,4
conflicts,4
airport,4
wonder,4
sessions,4
pick,4
warm,4
celebrate,4
republic,4
situations,4
bearing,4
denied,4
people's,4
intended,4
kept,4
stick,4
welcoming,4
door,4
panel,4
constructively,4
goodwill,4
efa,4
motions,4
wait,4
apologies,4
definition,4
croatia's,4
setting,4
yours,4
badly,4
lines,4
apart,4
executive,4
straight,4
contains,4
oecd,4
ill,4
sit,4
examination,4
applicable,4
restore,4
university,4
fifth,4
sees,4
i'll,4
notification,4
considering,4
gentlemen,4
german,4
disgraceful,4
coordinate,4
drug,4
representation,4
defeat,4
schnellhardt,4
rabbit,4
abattoirs,4
consequently,4
accountable,4
heading,4
afghanistan,4
resume,4
sovereign,4
prohibit,4
players,4
relates,4
silent,4
echo,4
frassoni,4
corruption,4
courts,4
petitioners,4
posed,4
subsequently,4
holders,4
ruling,4
distinguished,4
who's,4
activity,4
recognises,4
accountability,4
intensive,4
sources,4
epidemic,4
speedy,4
generally,4
fattening,4
belgian,4
formula,4
pakistani,4
grounds,4
settle,4
though,4
twelfth,4
thirteenth,4
physical,4
recommended,4
revision,4
successfully,4
listened,4
professions,4
bushill,4
matthews,4
signs,4
closing,4
they've,4
tide,4
adjourned,4
d,4
credentials,4
ner,4
culture,4
ec,4
manage,4
remedies,4
minimum,4
double,4
actors,4
unions,4
stock,4
gangs,4
roma,4
offence,4
privacy,4
missing,4
destination,4
commit,4
ideal,4
indication,4
continuous,4
albania,4
namely,4
phenomenon,4
resulting,4
tissues,4
acceding,4
ceiling,4
possibilities,4
salute,4
bastos,4
mainstreaming,4
genuine,4
unanimously,4
baltas,4
target,4
gni,4
pirates,4
acts,4
barnard,4
overtime,4
series,4
effectiveness,4
rome,4
convinced,4
fellow,4
verification,4
attended,4
bodies,4
la,4
vocational,4
child,4
solutions,4
virtually,4
sentiment,4
perry,4
defence,4
happens,4
trouble,4
refuse,4
apparent,4
drugs,4
charges,4
coastguard,4
que,4
rhetoric,3
temporary,3
hundreds,3
excessive,3
tape,3
chemicals,3
reaction,3
liberalisation,3
broader,3
banks,3
technologies,3
speed,3
completed,3
growing,3
stay,3
seat,3
skilled,3
wouldn't,3
prison,3
overwhelmingly,3
criticise,3
garot,3
frustration,3
succeeds,3
vibrant,3
rural,3
socio,3
producers,3
drop,3
continuity,3
absolute,3
paris,3
deliberate,3
admire,3
billion,3
translated,3
attitude,3
maltese,3
sixteen,3
norm,3
turmes,3
drawn,3
respectively,3
ed,3
prospects,3
deepest,3
places,3
wisely,3
committee's,3
improved,3
science,3
helpful,3
rapporteurs,3
stringent,3
infrastructure,3
highlighted,3
ideology,3
tax,3
infringements,3
principal,3
extraordinarily,3
rossa,3
watson,3
somehow,3
reflecting,3
wellbeing,3
endeavour,3
opposed,3
switzerland,3
supportive,3
campaign,3
catch,3
contributing,3
igc,3
administration,3
acknowledge,3
admirable,3
tasks,3
chain,3
fork,3
imported,3
creates,3
talked,3
haccp,3
strategies,3
incident,3
manufacturers,3
analysed,3
unclear,3
gained,3
warning,3
quick,3
roth,3
behrendt,3
vaccines,3
arranged,3
limited,3
mulder,3
became,3
friday,3
reacted,3
imagine,3
coordinating,3
globalisation,3
wto,3
advised,3
degrees,3
eighth,3
monitored,3
consultations,3
poorer,3
compensation,3
relationships,3
substance,3
expression,3
suggests,3
retaining,3
uk's,3
horses,3
check,3
tool,3
suggestions,3
candidates,3
bureau,3
quaestors,3
nuclear,3
technology,3
condemnation,3
innocent,3
concludes,3
launch,3
affordable,3
finding,3
courage,3
backing,3
guide,3
wealth,3
serve,3
spreading,3
sound,3
edge,3
fears,3
eradication,3
source,3
brazil,3
arrived,3
bertie,3
weigh,3
hurt,3
foreseeable,3
accommodate,3
demands,3
split,3
midnight,3
notwithstanding,3
complicated,3
frank,3
preserve,3
reinforce,3
overview,3
coelho,3
shortcomings,3
transposition,3
couldn't,3
afraid,3
comitology,3
allows,3
artisanal,3
policing,3
productive,3
oh,3
friends,3
linked,3
minorities,3
transporting,3
road,3
genuinely,3
o,3
affecting,3
wallstr,3
died,3
blair,3
lie,3
catastrophe,3
appears,3
closer,3
necessarily,3
burden,3
participants,3
regulators,3
hide,3
failures,3
delivery,3
positions,3
worker,3
qualifications,3
afford,3
smaller,3
wrecking,3
coordinated,3
precisely,3
preparation,3
mission,3
initial,3
performance,3
permit,3
director,3
forum,3
dual,3
considers,3
notes,3
accepts,3
responding,3
associated,3
kosovo,3
chamber,3
intergovernmental,3
worry,3
g,3
finds,3
portugal,3
rely,3
conservative,3
bay,3
presently,3
councils,3
terrible,3
betterment,3
divisions,3
children's,3
donors,3
chaired,3
week's,3
issued,3
swift,3
underway,3
severe,3
cap,3
aristide,3
announcement,3
ryanair,3
apologise,3
dear,3
sympathise,3
sorted,3
restrict,3
referring,3
celebrated,3
chinese,3
fathers,3
thinks,3
packaging,3
active,3
certainty,3
authorised,3
cheated,3
friendly,3
objections,3
realise,3
isolation,3
dr,3
regarded,3
cited,3
coherent,3
orientations,3
multi,3
coreper,3
calendar,3
debated,3
abstentions,3
waiting,3
fulfilling,3
moving,3
prospect,3
reformist,3
tribunal,3
croatian,3
charged,3
serbia,3
passed,3
closure,3
supposed,3
structures,3
oversight,3
prevented,3
intent,3
tremendous,3
unfortunate,3
gentleman,3
supervision,3
complaints,3
formal,3
release,3
meantime,3
agrees,3
file,3
cox,3
raises,3
assessed,3
requested,3
killed,3
qualified,3
black,3
schmidt,3
manners,3
largest,3
forecasts,3
turnout,3
glass,3
distance,3
nice,3
courtesy,3
ludford,3
eldr,3
inspectorate,3
veal,3
stunt,3
gross,3
statute,3
meetings,3
reinforced,3
entirely,3
stephen,3
writing,3
opened,3
meaning,3
speeches,3
laws,3
selected,3
raising,3
financed,3
thrown,3
rich,3
enter,3
everybody,3
issuers,3
harmonised,3
suspicion,3
stressed,3
morocco,3
vulnerable,3
degradation,3
dedicated,3
relatively,3
fora,3
occurred,3
inadequate,3
interview,3
released,3
ignored,3
guest,3
presumed,3
guilty,3
slightly,3
parliamentarians,3
oil,3
factors,3
impacts,3
greenhouse,3
renewable,3
ad,3
hoc,3
sending,3
laboratories,3
respects,3
emotive,3
cattle,3
recommend,3
specified,3
crew,3
visiting,3
who've,3
privatisation,3
scares,3
settlers,3
homes,3
populations,3
offences,3
immediate,3
followed,3
tens,3
body,3
workable,3
replaced,3
locally,3
experienced,3
nursing,3
medical,3
newcomers,3
watching,3
managed,3
deadline,3
piece,3
philip,3
productivity,3
dublin,3
guard,3
head,3
faith,3
pursuant,3
nineteenth,3
ries,3
s,3
pm,3
fourtou,3
amending,3
expenditure,3
regret,3
obstacles,3
etcetera,3
contrary,3
medicines,3
theme,3
valuable,3
incorporated,3
eastern,3
involve,3
widely,3
cockpit,3
pilot,3
justus,3
lipsius,3
voters,3
agendas,3
broker,3
missed,3
began,3
mozambique,3
collection,3
preventing,3
addresses,3
eighteen,3
whitehead,3
formed,3
suffer,3
fake,3
trading,3
intellectual,3
goods,3
sold,3
price,3
thirds,3
hysteria,3
causes,3
hoof,3
deakin,3
employers,3
tackled,3
testing,3
jos,3
counter,3
completion,3
developments,3
multilateral,3
content,3
unintended,3
exploited,3
facilities,3
concessions,3
chosen,3
daily,3
societies,3
exploitation,3
se,3
contributes,3
multiple,3
disability,3
delays,3
mep,3
polling,3
arrest,3
newspaper,3
arctic,3
sat,3
biological,3
reverse,3
turkey's,3
grow,3
enabling,3
attached,3
workforce,3
figure,3
japan,3
staggering,3
retain,3
attract,3
observers,3
ninth,3
delegations,3
mandates,3
twentieth,3
detrimental,3
hans,3
gert,3
p,3
ttering,3
envisaged,3
tabloid,3
allegations,3
universal,3
inevitable,3
formation,3
residence,3
pornography,3
decisive,3
popular,3
desirable,3
kaufmann,3
die,3
workings,3
category,3
ideologies,3
payment,3
secretariat,3
israeli,3
appreciation,3
paths,3
enterprises,3
sterckx,3
galician,3
aos,3
defending,3
advances,2
consist,2
thousands,2
worthy,2
regulate,2
primarily,2
laid,2
students,2
cheaper,2
insurers,2
operates,2
evolving,2
internet,2
pan,2
monnet,2
easily,2
issuing,2
politicians,2
cabinet,2
packed,2
romano,2
applause,2
establishes,2
entity,2
anybody,2
appraisal,2
refugees,2
era,2
practicalities,2
alerted,2
basics,2
decent,2
units,2
presents,2
incomes,2
hides,2
disparities,2
legislators,2
secure,2
dutch,2
laundering,2
britain's,2
city,2
humour,2
hell,2
pounds,2
investigate,2
electoral,2
findings,2
mais,2
ehm,2
pes,2
nominate,2
j,2
zef,2
replacement,2
salafranca,2
unification,2
inevitably,2
negotiation,2
contents,2
broadcasting,2
evident,2
normally,2
murder,2
hostages,2
captivity,2
chose,2
economics,2
skill,2
profile,2
upgraded,2
satellite,2
encouragement,2
driven,2
circumstance,2
taxes,2
temperature,2
fresh,2
contacted,2
candidature,2
preside,2
legitimacy,2
inward,2
whereas,2
destiny,2
strasbourg,2
thatcher,2
cholera,2
deadly,2
minor,2
frozen,2
participated,2
illustrated,2
insofar,2
emphasised,2
barriers,2
bar,2
belong,2
ie,2
focuses,2
herself,2
concept,2
dispute,2
critically,2
oostlander,2
preemption,2
akp,2
consolidate,2
fairly,2
defines,2
strengthens,2
mechanisms,2
tougher,2
paulsen's,2
driving,2
entirety,2
sonar,2
marine,2
sorts,2
we'd,2
identify,2
adding,2
identification,2
adapting,2
inspect,2
schemes,2
restricted,2
feasibility,2
jackson,2
likelihood,2
mouth,2
knew,2
appropriately,2
indicates,2
location,2
blocking,2
vaccinations,2
dg,2
informal,2
stockpiling,2
bioterrorism,2
slowly,2
contamination,2
pet,2
evaluating,2
discovered,2
margin,2
consumption,2
actual,2
confirming,2
nicholson,2
posts,2
reiterate,2
watched,2
mutation,2
interaction,2
seriousness,2
lifted,2
satisfactory,2
figueiredo,2
fixed,2
restrictions,2
advantages,2
derogation,2
kilometres,2
compatible,2
destined,2
approval,2
checks,2
removing,2
distinction,2
meant,2
representing,2
whatsoever,2
sale,2
regimes,2
brutal,2
korea,2
pardon,2
illegally,2
acquired,2
embarrassing,2
covert,2
condolences,2
chechen,2
transatlantic,2
convictions,2
argument,2
subsidiarity,2
apathy,2
offering,2
voice,2
ratification,2
match,2
taxpayers,2
ageing,2
universities,2
kyoto,2
generations,2
construction,2
spotlight,2
africa,2
backdrop,2
attitudes,2
alongside,2
industrialisation,2
retailers,2
struggled,2
compete,2
lower,2
tonnes,2
decisively,2
divided,2
passion,2
rooted,2
generation,2
rests,2
exercising,2
volume,2
finished,2
mine,2
pages,2
expressing,2
vis,2
rulings,2
belief,2
viable,2
seekers,2
reinforcing,2
pattern,2
highlight,2
heritage,2
adequately,2
hern,2
ndez,2
mollar,2
separately,2
marketing,2
insists,2
calves,2
depending,2
slaughtering,2
poettering,2
cope,2
phrase,2
momentum,2
involves,2
uncertain,2
exceptional,2
movements,2
breeding,2
depleted,2
uranium,2
write,2
drain,2
violation,2
pollution,2
wastes,2
implied,2
david,2
kelly,2
tony,2
inquiry,2
surrounding,2
one's,2
savers,2
occurring,2
catastrophic,2
disastrous,2
similarly,2
criminals,2
devote,2
receiving,2
tannock,2
enforce,2
instances,2
treated,2
manufacturing,2
attempts,2
capable,2
dead,2
refrigeration,2
distances,2
impose,2
permits,2
presidency's,2
picking,2
engine,2
expectations,2
sustained,2
reluctant,2
remove,2
rebuild,2
discipline,2
debt,2
limiting,2
lists,2
expensive,2
stall,2
breach,2
deadlines,2
mobility,2
wales,2
dictate,2
delete,2
withdraw,2
alert,2
ecdc,2
morning's,2
assess,2
ownership,2
boards,2
representative,2
attaches,2
reacting,2
schedule,2
impressive,2
enthusiasm,2
attachment,2
assertion,2
reliable,2
strive,2
mario,2
prosecuted,2
bush,2
democrat,2
lastly,2
pressures,2
contributors,2
soto,2
greece,2
destroyed,2
formally,2
division,2
individually,2
announce,2
noting,2
civilian,2
congratulating,2
souchet,2
earned,2
deliberations,2
repeatedly,2
seas,2
decline,2
seemed,2
divergence,2
combined,2
shocked,2
caused,2
wake,2
achievable,2
mckenna,2
sought,2
indefinitely,2
undemocratic,2
inspired,2
african,2
army,2
beg,2
catering,2
airports,2
judgment,2
lifts,2
applicant,2
hearts,2
lacking,2
aged,2
hair,2
considerably,2
enhanced,2
wash,2
father,2
causing,2
thors,2
increases,2
describing,2
substances,2
harmonisation,2
intense,2
unconditional,2
accused,2
poos,2
nationalism,2
quo,2
mother,2
inedibles,2
foodstuffs,2
commissioned,2
reassurance,2
powerful,2
lobby,2
disagreement,2
disagree,2
pity,2
astonishing,2
lage,2
illustrates,2
evil,2
aspirations,2
solid,2
foundation,2
meanwhile,2
roll,2
mesic,2
okay,2
diversity,2
trajkovski,2
eventually,2
magnitude,2
yugoslavia,2
encouraged,2
understood,2
privately,2
commentators,2
designed,2
checking,2
highly,2
internally,2
systemic,2
backs,2
apparently,2
cashflow,2
showing,2
liability,2
fostering,2
comply,2
golden,2
demonstrate,2
pension,2
halt,2
agreeing,2
lehne,2
inglewood,2
devil,2
harder,2
electorate,2
exporting,2
exported,2
background,2
complaining,2
clarify,2
slash,2
ecj,2
incompatibility,2
ombudsman,2
dated,2
exclusively,2
dedication,2
beach,2
confusion,2
interested,2
clarification,2
submitting,2
definitive,2
transit,2
stopped,2
bureaucracy,2
nominated,2
noticed,2
art,2
approximately,2
opaque,2
simplify,2
gaelic,2
observations,2
misrepresented,2
imposes,2
proverb,2
transmission,2
constant,2
emergencies,2
costly,2
threatened,2
throw,2
reject,2
acknowledged,2
notably,2
species,2
opens,2
invitation,2
gue,2
propaganda,2
impression,2
armed,2
grassroots,2
hermange,2
removed,2
socialist,2
hughes,2
intervene,2
endlessly,2
wim,2
kok,2
incorporate,2
prosper,2
transfer,2
worried,2
secured,2
prosperous,2
reflection,2
nowadays,2
pieces,2
solved,2
analysts,2
worldwide,2
forms,2
influence,2
rigidity,2
summer,2
sec,2
congress,2
topic,2
rard,2
disconnected,2
valid,2
den,2
berg,2
dramatically,2
described,2
reiterated,2
expects,2
defend,2
bankruptcy,2
resolved,2
losses,2
forcing,2
regularly,2
tells,2
admission,2
petition,2
acutely,2
shaming,2
secrecy,2
covering,2
satisfaction,2
solvency,2
operating,2
wild,2
imposed,2
learned,2
macedonia,2
accident,2
visitor,2
loss,2
man's,2
country's,2
player,2
fourthly,2
sounds,2
insight,2
ppe,2
shock,2
roles,2
prejudge,2
commissions,2
wary,2
reactions,2
bank's,2
group's,2
resource,2
reaffirmed,2
minerals,2
petroleum,2
pillars,2
natural,2
thematic,2
alleviation,2
determine,2
adverse,2
stakeholder,2
emissions,2
accelerate,2
reinforces,2
emerging,2
structured,2
teams,2
networking,2
investigation,2
tightened,2
onto,2
maat's,2
justification,2
euros,2
lorries,2
licence,2
sheep,2
someone,2
character,2
complications,2
frahm,2
tasman,2
islamabad,2
kasuri,2
remained,2
unchanged,2
pretty,2
sooner,2
crewmen,2
unison,2
compromised,2
charge,2
consuming,2
sell,2
packet,2
reassure,2
mainland,2
restitution,2
oppose,2
conventions,2
consent,2
whichever,2
collins,2
penalised,2
ecofin,2
eib,2
cycle,2
investing,2
mature,2
stimulate,2
illustration,2
lobbying,2
acknowledging,2
bogged,2
dangers,2
epidemics,2
firm,2
occupations,2
bed,2
affect,2
derogations,2
annualisation,2
incredibly,2
miss,2
weak,2
healthcare,2
option,2
statistics,2
repent,2
hoping,2
visited,2
monitor,2
elsewhere,2
precise,2
debating,2
advance,2
composite,2
foods,2
section,2
buy,2
catalonian,2
naval,2
colom's,2
fr,2
rique,2
verified,2
assembly,2
nominations,2
usual,2
bigliardo,2
emu,2
consult,2
macau,2
harbour,2
disarmament,2
terry,2
prudent,2
safeguarded,2
forwards,2
deciding,2
suggesting,2
fourteen,2
mere,2
facility,2
flooded,2
panic,2
class,2
generic,2
fearful,2
extensive,2
tilting,2
windmills,2
slow,2
dimas,2
deficit,2
youth,2
workplace,2
shocks,2
learning,2
hermange's,2
rush,2
seminar,2
semitism,2
harassment,2
hijab,2
religious,2
england,2
residents,2
fruit,2
passenger,2
biometric,2
peer,2
fortune,2
applying,2
grant,2
candidacy,2
candour,2
convince,2
secret,2
healthy,2
strives,2
fly,2
empty,2
qualities,2
boven,2
conferred,2
denounced,2
incommunicado,2
headquarters,2
cruel,2
investigations,2
excluding,2
judiciary,2
scene,2
allegedly,2
penalties,2
depth,2
criminality,2
awareness,2
conducted,2
survey,2
communicated,2
numbers,2
respecting,2
pr,2
leaving,2
victimisation,2
incorporation,2
chairpersons,2
messages,2
refugee,2
returns,2
acknowledges,2
consolidated,2
contest,2
checked,2
adhered,2
seized,2
scratch,2
reformers,2
aside,2
none,2
estimated,2
clothing,2
containing,2
football,2
website,2
ip,2
paramilitary,2
radical,2
portray,2
bona,2
excluded,2
justified,2
dawn,2
ensures,2
commerce,2
copying,2
protected,2
competitors,2
marketplace,2
bold,2
book,2
loopholes,2
judges,2
altered,2
packaged,2
correspondence,2
wrongly,2
white,2
room,2
employed,2
campaigning,2
somewhere,2
onward,2
owners,2
moves,2
avoided,2
hobbs,2
rid,2
complimenting,2
systematically,2
urged,2
whereby,2
quarter,2
tides,2
deepening,2
rushing,2
joined,2
command,2
oppression,2
negotiate,2
delivered,2
ministerial,2
expand,2
doha,2
guadalajara,2
becoming,2
sub,2
capita,2
ripe,2
guess,2
ports,2
originally,2
suited,2
fix,2
israel,2
modus,2
vivendi,2
land,2
ashes,2
sunday,2
bonde,2
pleasant,2
celebrating,2
girls,2
cornerstone,2
sharing,2
answering,2
visibility,2
successes,2
adopting,2
modernisation,2
fields,2
gaps,2
promotes,2
eligible,2
aiming,2
el,2
tanto,2
si,2
stake,2
tackles,2
topics,2
professional,2
helps,2
reducing,2
decrease,2
childcare,2
published,2
transnational,2
exchanges,2
ethnic,2
shares,2
senyor,2
stops,2
officially,2
positively,2
stateless,2
drets,2
tamb,2
chief,2
entering,2
stations,2
governing,2
medium,2
kronberger,2
sincere,2
page,2
warming,2
domain,2
strain,2
weaken,2
accessibility,2
communicate,2
hopefully,2
decides,2
deny,2
story,2
spite,2
year's,2
sends,2
helsinki,2
nation,2
obtain,2
fit,2
fourteenth,2
convey,2
broadly,2
finalise,2
gdp,2
transition,2
corresponding,2
undertaking,2
environments,2
prize,2
ortiz,2
morera,2
antonio,2
contained,2
statutory,2
suppression,2
profession,2
prematurely,2
fed,2
deals,2
hazard,2
guilt,2
innocence,2
anonymous,2
lunchtime,2
individuals,2
unsubstantiated,2
malicious,2
suffers,2
sixteenth,2
constitutes,2
endorses,2
harmful,2
honour,2
prompted,2
indirect,2
examining,2
heavy,2
utmost,2
scourge,2
merits,2
consensus,2
appalling,2
averting,2
resident,2
communicating,2
passions,2
sensitivity,2
disturbing,2
emigration,2
dealings,2
earl,2
stockton,2
stimulating,2
herr,2
ich,2
und,2
haben,2
f,2
r,2
stimmen,2
enrique,2
won,2
cast,2
assessments,2
questioned,2
surprise,2
ignore,2
twice,2
na,2
sentiments,2
love,2
politician,2
mortality,2
arrival,2
admissibility,2
lengthy,2
distortion,2
aids,2
emerged,2
compared,2
condition,2
refunds,2
abattoir,2
complicity,2
veterinarian,2
budget's,2
sticking,2
dare,2
bear,2
texts,2
readmission,2
hong,2
kong,2
warrant,2
accessible,2
palestinian,2
literally,2
controlled,2
exit,2
legality,2
picked,2
coalition,2
relate,2
pragmatic,2
fashionable,2
deliberative,2
world's,2
sanitary,2
flocks,2
collaborating,2
kla,2
nobody,2
gorostiaga,2
baltasar,2
garz,2
incomunicado,2
penal,2
deflection,2
additionally,2
galicia,2
da,2
hoxe,2
lingua,2
para,2
ao,2
castelao,2
todos,2
os,2
galegos,2
slotting,1
declared,1
opposite,1
aspiration,1
outs,1
overreaction,1
disproportionate,1
intrusive,1
narrower,1
telecommunication,1
enjoying,1
telephone,1
strides,1
managers,1
patenting,1
modernise,1
tests,1
broadband,1
libraries,1
online,1
fastest,1
bureaucrat,1
jean,1
resting,1
monsieur,1
hated,1
inconvenient,1
administrator's,1
ruled,1
unelected,1
bureaucrats,1
tamper,1
resign,1
chris,1
patten,1
unreformable,1
resigned,1
disgrace,1
eurostat,1
monster,1
brave,1
operator,1
communicator,1
laughter,1
echoing,1
stretch,1
imagination,1
feared,1
lowest,1
denominator,1
criticism,1
compliments,1
purchasing,1
eroded,1
fronts,1
guaranteed,1
rose,1
crops,1
frequently,1
survive,1
foregoing,1
industrial,1
widening,1
makers,1
households,1
reinsurance,1
beggar,1
thy,1
neighbour,1
frankfurt,1
costing,1
banging,1
proclamation,1
tech,1
sclerotic,1
cat's,1
realised,1
renegotiate,1
rebate,1
genie,1
bottle,1
aggressively,1
furious,1
referendums,1
loudly,1
terribly,1
disbar,1
temporarily,1
behaviour,1
concurrent,1
gerrymander,1
amend,1
accordingly,1
c'est,1
une,1
remarque,1
rien,1
d'autre,1
juan,1
izquierdo,1
collado,1
eva,1
hedqvist,1
peterson,1
polish,1
resignation,1
oleksy,1
kubica,1
obiols,1
delicately,1
bound,1
intensity,1
manipulation,1
slots,1
foreigners,1
concitoyen,1
europ,1
unwholesome,1
spectacle,1
unworthy,1
injection,1
cowardly,1
citizen,1
fabrizio,1
quattrocchi,1
unreservedly,1
despicable,1
feelings,1
condolence,1
victim,1
kidnappers,1
serving,1
ends,1
handing,1
moment's,1
lively,1
showed,1
tighter,1
expected,1
feeding,1
watering,1
handlers,1
emotion,1
upsets,1
fiscal,1
altering,1
currency,1
differentials,1
ideals,1
ensconced,1
performed,1
compelled,1
port,1
ignores,1
desires,1
lifetime,1
enacted,1
obsolete,1
theories,1
fifties,1
outdated,1
communism,1
restrictive,1
outward,1
sovereignty,1
fontainebleau,1
canned,1
wanting,1
nitrofuran,1
residues,1
hormones,1
overridden,1
exporters,1
delisted,1
ingredients,1
processed,1
slight,1
thawed,1
eaten,1
tariff,1
loophole,1
blokland,1
brian,1
crowley,1
proinsias,1
surprisingly,1
continuously,1
paved,1
plenty,1
graham,1
belongs,1
hindering,1
reding,1
grosset,1
te,1
garc,1
reasearchers,1
seed,1
musty,1
academic,1
ingenuity,1
scatter,1
gun,1
crafted,1
yeyeyesterday,1
brokering,1
reunited,1
ccommunity,1
resisting,1
accessions,1
neneneneneighbours,1
quiet,1
tttttttturkish,1
revolution,1
persist,1
streamlines,1
strenuous,1
convergent,1
precious,1
eating,1
isolate,1
tier,1
utilised,1
duplication,1
solely,1
identifying,1
hazards,1
destruction,1
consulted,1
asks,1
supplying,1
situ,1
profitable,1
publicly,1
conjunction,1
upgrading,1
certification,1
stamps,1
stamp,1
sight,1
belgium,1
publicity,1
rothburn,1
vaccination,1
smallpox,1
liese,1
finalisation,1
luggage,1
specialist,1
baby,1
conforming,1
graefe,1
zu,1
baringdorf,1
publicised,1
mounting,1
circumstantial,1
tending,1
incorrect,1
asking,1
pathogenic,1
dependent,1
fiori,1
sps,1
contributor,1
roo,1
breaches,1
oomen,1
ruijten,1
chronology,1
sturdy,1
inspected,1
cardoso,1
vulnerability,1
infection,1
noses,1
similarity,1
immunity,1
wyn,1
briefings,1
staffing,1
killing,1
formulation,1
fewer,1
insufficient,1
advocates,1
categories,1
sporting,1
exclude,1
restriction,1
burdens,1
diluted,1
navigation,1
tachographs,1
proportionality,1
albeit,1
ceremonial,1
electing,1
prefer,1
depoliticise,1
protest,1
leniency,1
musharraf,1
tv,1
confession,1
abdul,1
qadeer,1
khan,1
criticised,1
pakistan's,1
wmd,1
smacks,1
scapegoating,1
moscow,1
atrocious,1
suicide,1
bomb,1
metro,1
casualties,1
pointers,1
saudi,1
al,1
qa'ida,1
follower,1
proclaim,1
glory,1
fighters,1
muscovites,1
beliefs,1
transformed,1
argue,1
efficiently,1
transparently,1
euroscepticism,1
month's,1
fuelling,1
weakest,1
consolidates,1
simplifies,1
win,1
technocratic,1
instead,1
unveil,1
fuelled,1
entrepreneurship,1
harnessed,1
interpret,1
preserving,1
entrust,1
prudently,1
knit,1
continents,1
net,1
depend,1
cutting,1
understandable,1
counterterrorism,1
nearest,1
unhealthy,1
livestock,1
travels,1
distribution,1
cheapest,1
prices,1
southeast,1
strictest,1
inputs,1
holland,1
spot,1
engender,1
ingrained,1
rarely,1
summarising,1
grim,1
summarised,1
patient,1
determined,1
freely,1
unquote,1
intruding,1
hopeful,1
boogerd,1
quaak,1
loop,1
sessional,1
incapable,1
documentation,1
physically,1
unfair,1
demagogic,1
laxist,1
migratory,1
fluxes,1
incremental,1
defeating,1
voluntarist,1
mobilise,1
permanent,1
permanently,1
tension,1
approximation,1
santini,1
reminded,1
legislature,1
abolishment,1
integrating,1
reread,1
presumptuous,1
comparison,1
biometrics,1
storage,1
endorse,1
assessing,1
unfinished,1
presume,1
bounce,1
flush,1
collusion,1
subverting,1
filibustering,1
ludicrous,1
subverted,1
consists,1
prefers,1
regionally,1
veterinarians,1
processing,1
productions,1
objects,1
blind,1
gifted,1
unsolicited,1
showered,1
talks,1
intimately,1
optimism,1
maintaining,1
duff,1
doubts,1
jan,1
skilful,1
highlands,1
islands,1
restocking,1
repetition,1
sequences,1
consonant,1
ah,1
dundrennan,1
firing,1
shells,1
letters,1
complaint,1
draws,1
depositing,1
fired,1
quantities,1
tidally,1
probable,1
dumping,1
protocols,1
outrageous,1
lied,1
commons,1
fiction,1
creditors,1
customers,1
policymakers,1
whistle,1
blown,1
reaches,1
measured,1
dispassionate,1
professionals,1
bankers,1
detecting,1
detect,1
mistake,1
lawyers,1
policemen,1
fraudulent,1
eliminate,1
fraudsters,1
regulator,1
fighting,1
exceptionally,1
cruelty,1
creatures,1
nuts,1
bolts,1
nowhere,1
beef,1
argentina,1
incredible,1
carcasses,1
permitted,1
earliest,1
restated,1
stuck,1
gear,1
accelerates,1
resurgent,1
pulls,1
passing,1
lane,1
trailing,1
fool,1
slope,1
lamy,1
oversold,1
underinvested,1
conceal,1
style,1
jobless,1
climb,1
begins,1
fig,1
leaf,1
leverage,1
preserves,1
attainable,1
wringing,1
tranche,1
consultancy,1
retired,1
figures,1
wondering,1
gothenburg,1
joining,1
detriment,1
caring,1
silvio,1
berlusconi,1
sensitivities,1
berlusconi's,1
filibuster,1
disrupt,1
evade,1
harsh,1
searchlight,1
unpalatable,1
pooling,1
swifter,1
summing,1
sphere,1
unexpected,1
expansion,1
remit,1
arises,1
organisational,1
peers,1
venture,1
academics,1
steer,1
balances,1
unwieldy,1
hamper,1
exercised,1
urging,1
formulated,1
proudly,1
pessimistic,1
finish,1
expanded,1
admit,1
prejudiced,1
squalid,1
bargaining,1
keen,1
misguided,1
presentational,1
beholden,1
appointing,1
peter,1
mandelson,1
jacques,1
barrot,1
nter,1
monti,1
boys,1
theory,1
pretext,1
ounce,1
conviction,1
watch,1
marry,1
abortions,1
reproductive,1
abortion,1
functions,1
carries,1
poul,1
nielson,1
substituting,1
george,1
describe,1
centrist,1
reformer,1
mate,1
pragmatism,1
virtues,1
chips,1
compatriot,1
sacrifice,1
quest,1
guant,1
namo,1
prioritise,1
simultaneous,1
adviser,1
lvaro,1
sodo,1
tireless,1
origins,1
born,1
peacefully,1
resort,1
enabled,1
bridge,1
bitter,1
confident,1
contemplate,1
collectively,1
profound,1
preparatory,1
readiness,1
definite,1
earmarked,1
longest,1
peacekeeping,1
personnel,1
stayed,1
wondered,1
dam,1
accolade,1
southern,1
pipeline,1
exploration,1
odds,1
claiming,1
terminal,1
dire,1
warnings,1
varela,1
cfp,1
passage,1
rac,1
drastic,1
limitation,1
devastated,1
hardship,1
representations,1
seeing,1
sustain,1
livelihood,1
decoupling,1
multifunctional,1
commercially,1
foolhardy,1
unthinkable,1
scenario,1
dramatic,1
haiti,1
ch,1
vez,1
venezuela,1
thwart,1
trend,1
ousted,1
complacent,1
usa,1
stabilise,1
refuge,1
ravaged,1
wars,1
dictatorships,1
infancy,1
addis,1
ababa,1
ambitiously,1
greetings,1
ja,1
cumbersome,1
misjudged,1
flies,1
blow,1
desert,1
uncertainty,1
breadth,1
aviation,1
fell,1
waited,1
bell,1
rang,1
evidently,1
confines,1
description,1
mercy,1
visitors,1
hairdresser,1
gaiety,1
hairdressers,1
washed,1
queue,1
trivial,1
custody,1
disputes,1
custodial,1
parent,1
father's,1
distress,1
abducted,1
enquire,1
bradbourn,1
corbey,1
interinstitutional,1
extends,1
traceability,1
latter,1
recycled,1
feasible,1
guessing,1
bias,1
convincing,1
legalistic,1
version,1
bears,1
uttered,1
endure,1
tongue,1
predicts,1
spurt,1
annum,1
charles,1
troubling,1
mundane,1
expunged,1
adversarial,1
commenced,1
civilised,1
cal,1
demur,1
misplaced,1
roberts,1
spanners,1
cogent,1
fractious,1
concerted,1
incidentally,1
succeding,1
map,1
lay,1
successors,1
permission,1
expressions,1
undivided,1
duthu,1
frequency,1
lambert,1
assistant,1
attends,1
marche,1
translation,1
va,1
trasnationality,1
cultural,1
tinged,1
sadness,1
defining,1
stabilisation,1
indispensable,1
transformation,1
declarations,1
underestimate,1
incentive,1
instinct,1
exhibited,1
witness,1
courageous,1
marovic,1
montenegro,1
apologised,1
popularity,1
healing,1
havens,1
complexity,1
clarified,1
reckon,1
remarked,1
backbone,1
resist,1
improper,1
undue,1
audited,1
entities,1
reviews,1
derivatives,1
parmalat's,1
shareholders,1
announces,1
doubtful,1
fava,1
lump,1
jump,1
vacuum,1
cleaners,1
blue,1
della,1
vedova,1
lord,1
occurrence,1
letting,1
depths,1
broiler,1
questionable,1
laurels,1
excuses,1
enormously,1
exemplary,1
diligence,1
conscientiousness,1
supplementary,1
supervisory,1
amended,1
borrow,1
friend's,1
anecdote,1
familiar,1
mandated,1
forwarded,1
government's,1
adduced,1
satisfy,1
wholly,1
hemicycle,1
except,1
lying,1
langkawi,1
drawing,1
exempting,1
compensations,1
submit,1
chilled,1
perfection,1
bedford,1
meals,1
utterly,1
jim,1
structuralist,1
boumediene,1
thiery,1
altogether,1
imminence,1
voices,1
avis,1
valve,1
stopgap,1
uniquely,1
interregnum,1
tower,1
courtyard,1
globe,1
metres,1
diameter,1
surface,1
superb,1
ironic,1
symbol,1
naturally,1
sounded,1
sorbic,1
frankness,1
brok,1
misquote,1
mussolini,1
purportedly,1
plead,1
indulgence,1
signature,1
quotation,1
arabian,1
hens,1
ducks,1
dying,1
resistant,1
strains,1
threatening,1
controversy,1
argued,1
complexities,1
linguistic,1
blocks,1
superseded,1
secretariats,1
forceful,1
marathon,1
overburden,1
demonstrable,1
keeps,1
perform,1
eats,1
awful,1
consumed,1
pork,1
stepping,1
crosses,1
poisoning,1
hello,1
supporters,1
bogot,1
violations,1
false,1
confine,1
hoped,1
pale,1
quibble,1
mindedness,1
absent,1
injustice,1
flows,1
simultaneously,1
counted,1
prevail,1
refocused,1
undo,1
impetus,1
elderly,1
augurs,1
korakas,1
intervening,1
dilemma,1
wishing,1
hadn't,1
wished,1
obliged,1
electronic,1
wave,1
trial,1
obscure,1
flowery,1
commissment,1
retraining,1
marginal,1
probity,1
seventies,1
finance,1
underfinanced,1
refinement,1
schreyer,1
faster,1
reverts,1
taliban,1
poorest,1
caution,1
confirms,1
wasting,1
unstable,1
sick,1
margaret,1
richest,1
reinvent,1
wheel,1
books,1
president's,1
solemn,1
oriented,1
bond,1
issuances,1
banking,1
clegislation,1
besides,1
pointed,1
accessed,1
methodology,1
commonly,1
oligopoly,1
permitting,1
entrance,1
disclosed,1
controversial,1
remuneration,1
issuer,1
subscribers,1
casts,1
downgrade,1
updating,1
oviedo,1
atlas,1
mountains,1
earthquake,1
relatives,1
deprez,1
disappoint,1
wijkman,1
temptations,1
powerless,1
suffered,1
ecological,1
gold,1
monies,1
exploitive,1
rod,1
covers,1
disappearance,1
yields,1
frassoni's,1
abstract,1
seemingly,1
strangely,1
conspicuously,1
fails,1
simpler,1
clever,1
sophistry,1
oxford,1
smart,1
alec,1
embarrassed,1
englishman,1
secretive,1
ordered,1
earth,1
complicit,1
behaved,1
investigated,1
questionnaire,1
invested,1
persists,1
refusing,1
eec,1
boris,1
travelled,1
skopje,1
mostar,1
tonight,1
homeland,1
reconciler,1
hearted,1
saddened,1
alive,1
memory,1
telling,1
criticisms,1
levelled,1
borrel,1
identities,1
distribute,1
topical,1
reversal,1
usually,1
arguing,1
deregulatory,1
reversed,1
radwan,1
tendency,1
squarely,1
frame,1
objectively,1
calmly,1
hasty,1
knee,1
jerk,1
hedge,1
premature,1
consultative,1
salim,1
awaited,1
foundations,1
everyday,1
heating,1
mineral,1
extraction,1
parallels,1
seveso,1
merit,1
royalties,1
day's,1
tailings,1
techniques,1
advanced,1
climatic,1
migrate,1
mitigate,1
cyanide,1
unep,1
metals,1
underlining,1
restating,1
ratifiers,1
eager,1
harmony,1
stabilising,1
atmosphere,1
gases,1
drastically,1
carbon,1
emitting,1
salim's,1
progressive,1
anticipate,1
august,1
bowis,1
emergency,1
served,1
sharp,1
reminder,1
prompt,1
disposal,1
shortest,1
marks,1
shift,1
focal,1
investigating,1
phenomena,1
methodologies,1
samples,1
scientifically,1
reputable,1
mobilising,1
rigour,1
centre's,1
adventitious,1
berger,1
you'd,1
straightaway,1
sponsoring,1
differentiated,1
reared,1
subsidies,1
lebanon,1
keys,1
licences,1
lorry,1
lzer,1
seconds,1
interrupt,1
sanders,1
supplement,1
qualifying,1
clauses,1
superfluous,1
dispenses,1
mathematical,1
equations,1
detaining,1
troika,1
arbitration,1
internationally,1
ratifying,1
convention's,1
missions,1
eighteenth,1
deplorable,1
detained,1
placing,1
plants,1
paying,1
inspecting,1
unsafe,1
dates,1
bse,1
coli,1
bowe,1
butchers,1
wishaw,1
plant,1
reassured,1
securing,1
reassures,1
underestimated,1
invasion,1
bicommunally,1
sui,1
generis,1
mails,1
troop,1
territorial,1
interestingly,1
lucky,1
promised,1
object,1
citizenship,1
reward,1
aggressor,1
violate,1
occupying,1
tassos,1
papadopoulos,1
outsiders,1
perceived,1
interference,1
cyprus's,1
blame,1
leant,1
cede,1
surplus,1
dismiss,1
legislation's,1
complying,1
jail,1
derisory,1
fines,1
deterrent,1
continuation,1
carrot,1
complied,1
complement,1
configurations,1
provisional,1
complemented,1
formations,1
enshrined,1
exhaustive,1
commence,1
pursue,1
disbursed,1
pursuit,1
symbolic,1
costa's,1
bigger,1
talents,1
peripheral,1
western,1
isles,1
carcass,1
fmd,1
believing,1
inalienable,1
leisure,1
conceived,1
businessmen,1
retained,1
doctors,1
imperative,1
farcical,1
doctor,1
asleep,1
technically,1
capability,1
utilises,1
deploying,1
corner,1
excess,1
island's,1
emphasize,1
containment,1
hardly,1
printed,1
bombarded,1
notifications,1
opportunistic,1
inaction,1
neutering,1
blanket,1
sensibly,1
revise,1
solve,1
rostering,1
relief,1
overnight,1
ferry,1
trips,1
notion,1
constantly,1
strange,1
relaxed,1
generous,1
nonsense,1
damaging,1
boost,1
transforming,1
imagines,1
worries,1
understaffed,1
tying,1
rare,1
impregnated,1
nitrofurans,1
arisen,1
temptation,1
worst,1
bowis's,1
component,1
bilateral,1
unparalleled,1
polite,1
betrayed,1
impoverished,1
trapped,1
pincer,1
poorly,1
saturday's,1
persecute,1
they'll,1
terminates,1
terminated,1
vacancy,1
jacqueline,1
rousseau,1
ngl,1
fran,1
oise,1
doutout,1
mashreq,1
gulf,1
rgio,1
acp,1
deemed,1
corrigendum,1
sittings,1
olympic,1
truce,1
kucklekorn,1
gra,1
moura,1
persistent,1
organic,1
pollutants,1
shipbuilding,1
hazan,1
dole,1
genetic,1
sousa,1
pinto,1
gill,1
ep,1
preliminary,1
estimates,1
medina,1
ortega,1
haug,1
eleventh,1
agreeable,1
categorisation,1
inspire,1
wynn's,1
justify,1
committing,1
inept,1
irresponsible,1
soviet,1
tend,1
disarray,1
hysterical,1
swamped,1
tourists,1
morally,1
infected,1
shameful,1
treats,1
displays,1
depressing,1
transitional,1
scotch,1
whisky,1
highland,1
shortbread,1
knitwear,1
evils,1
patent,1
patents,1
familial,1
discourtesy,1
clearer,1
ardent,1
proponents,1
improvements,1
dream,1
enthusiasts,1
liberalise,1
doomed,1
coincide,1
hence,1
straightforward,1
crucially,1
variations,1
durable,1
rearing,1
ultra,1
vires,1
liable,1
sophisticated,1
bluntly,1
consolation,1
grasped,1
commented,1
track,1
definitely,1
outsourcing,1
offshoring,1
lifelong,1
vitally,1
output,1
jigsaw,1
signalled,1
zealous,1
toughening,1
deporting,1
grudging,1
tragically,1
trafficked,1
looms,1
holding,1
assimilation,1
overt,1
symbols,1
wear,1
channel,1
bewilderment,1
located,1
guantanamo,1
persuade,1
uphold,1
prisoners,1
borne,1
invading,1
visas,1
passports,1
cavalier,1
observance,1
hostage,1
pilot's,1
flight,1
mix,1
charismatically,1
confidently,1
distaste,1
carpet,1
doors,1
approving,1
robust,1
irreducible,1
enables,1
disservice,1
ambitions,1
unsteady,1
twin,1
gravities,1
scepticism,1
blinkered,1
berlaymont,1
crossing,1
boulevard,1
airbus,1
boeing,1
carrier,1
frills,1
enforcer,1
master,1
briefs,1
weighing,1
approve,1
aeroplane,1
rudder,1
unsure,1
railway,1
dismissed,1
tested,1
pushes,1
shifts,1
voluntarism,1
arrive,1
theo,1
gene,1
indicted,1
explosives,1
guardia,1
detention,1
merciless,1
recipient,1
violates,1
indecent,1
rumours,1
attorney,1
ambassador,1
tends,1
undermined,1
trans,1
boundary,1
inefficient,1
mentioning,1
emphasising,1
administrations,1
directed,1
punishable,1
factual,1
detected,1
europol's,1
studying,1
collecting,1
agis,1
delicate,1
obstacle,1
transplant,1
patients,1
therapy,1
analysing,1
unjustifiable,1
humane,1
cynical,1
hugely,1
catalonia,1
marked,1
austria,1
denmark,1
feminist,1
clara,1
zetkin,1
garment,1
rallied,1
rape,1
valenciano,1
mart,1
nez,1
composed,1
assisted,1
succeed,1
chairperson,1
marlene,1
lenz,1
chairs,1
icty,1
applicants,1
subjects,1
adheres,1
stable,1
outlook,1
intensely,1
align,1
unequiv,1
ucally,1
unequivocally,1
eventual,1
alia,1
publication,1
breached,1
revert,1
interpose,1
wallis,1
itch,1
irresistible,1
goverments,1
ruthlessly,1
occurs,1
unholy,1
zeal,1
buys,1
reviving,1
recalibrations,1
axe,1
wager,1
caveat,1
emptor,1
buyer,1
beware,1
parsimony,1
savings,1
equip,1
unforeseen,1
smarter,1
profits,1
vat,1
hospitals,1
footwear,1
toys,1
coated,1
toxic,1
flammable,1
alcohol,1
methanol,1
hospitalised,1
woman,1
northwest,1
seizures,1
counterfeited,1
pirate,1
here's,1
manchester,1
shirt,1
coveted,1
street,1
bargain,1
viagra,1
oldham,1
sinister,1
draconian,1
opponents,1
panacea,1
fide,1
claimant,1
intentional,1
misrepresentation,1
raids,1
teenagers,1
damages,1
discretion,1
equitable,1
rewrite,1
isps,1
copyright,1
exploit,1
tough,1
ride,1
expense,1
annexes,1
midlands,1
denby,1
ancillary,1
association's,1
intolerable,1
safety's,1
sake,1
sorrows,1
heated,1
revisit,1
leaves,1
haulier,1
ventilation,1
hook,1
cercas,1
drew,1
leads,1
authors,1
quoted,1
distanced,1
hughes's,1
wage,1
tourism,1
patterns,1
threaten,1
agrifood,1
traceable,1
initially,1
unanimity,1
impinging,1
hotly,1
contested,1
fishery,1
residue,1
exceeded,1
below,1
dry,1
digging,1
channels,1
rebuilding,1
ebb,1
flow,1
inherit,1
predecessor,1
caught,1
legacy,1
vanguard,1
champagne,1
recess,1
feet,1
atzo,1
nicola,1
renewing,1
boats,1
credibility,1
eurozone,1
impunity,1
rethought,1
alike,1
immigrate,1
justly,1
flee,1
codecision,1
suspicious,1
employ,1
identifiers,1
fallibility,1
empt,1
oversee,1
striving,1
openly,1
realism,1
ballast,1
relying,1
ship,1
afloat,1
steaming,1
impressively,1
manet's,1
steamboat,1
gogh,1
museum,1
progressing,1
trialogue,1
deleting,1
persuasive,1
mandatory,1
legislating,1
thereby,1
enthusiastically,1
knowledgeably,1
rounds,1
institutionalise,1
san,1
initiated,1
intermediate,1
deeper,1
reassess,1
inadvertently,1
completing,1
gesture,1
maturity,1
measuring,1
revolve,1
intra,1
counterparts,1
spends,1
geostrategic,1
mercosur,1
suspects,1
unripe,1
input,1
that've,1
evasion,1
examples,1
unwise,1
advise,1
bombings,1
stands,1
junction,1
endured,1
partition,1
volubly,1
underwrite,1
unified,1
commended,1
rhymed,1
resentment,1
expediency,1
ours,1
consternation,1
shrug,1
sectarian,1
resentments,1
pocket,1
faces,1
germans,1
scarred,1
crowded,1
scores,1
relative,1
historically,1
illiterate,1
anymore,1
palestine,1
backward,1
militarised,1
peacekeepers,1
patrol,1
writer,1
lawrence,1
durrell,1
lived,1
fire,1
stirring,1
cold,1
verifying,1
remembering,1
violated,1
slavery,1
scourges,1
embodied,1
anna,1
claim,1
proves,1
incorporating,1
stages,1
steering,1
budgeting,1
karamanou's,1
portfolios,1
mechanism,1
horizontally,1
enhances,1
genital,1
mutilation,1
relay,1
beneficiaries,1
associations,1
mental,1
modifying,1
redefine,1
concepts,1
setup,1
desk,1
assisting,1
draftsman,1
schmid,1
alright,1
internacional,1
mujer,1
presidente,1
puede,1
negar,1
nada,1
por,1
ntese,1
usted,1
ora,1
muchas,1
gracias,1
angles,1
pregnant,1
invited,1
spheres,1
motivation,1
encourages,1
segregation,1
sweden,1
combine,1
underpin,1
birth,1
payable,1
reserved,1
maternity,1
paternity,1
pays,1
analyses,1
limitations,1
accessing,1
combination,1
martinez,1
orozco's,1
entered,1
variety,1
begun,1
supplemented,1
elimination,1
wakes,1
walks,1
reaffirms,1
cies,1
felicitats,1
vostra,1
elecci,1
translate,1
plau,1
donau,1
als,1
catal,1
ns,1
l'oportunitat,1
votar,1
constituci,1
europea,1
catalans,1
autonomists,1
autonomy,1
officiality,1
ens,1
agradar,1
veure,1
una,1
europa,1
formada,1
tots,1
els,1
seus,1
pobles,1
igual,1
nacionals,1
plenament,1
democr,1
tica,1
unionists,1
oft,1
democratise,1
vali,1
unal,1
erkan,1
diyarbakir,1
shouted,1
threateningly,1
station,1
isolated,1
ballot,1
filled,1
electors,1
persecution,1
concession,1
belated,1
schoolrooms,1
teach,1
emphasises,1
prohibition,1
hadep,1
dehap,1
lagendijk,1
abolishing,1
threshold,1
misgivings,1
winding,1
indicate,1
abstaining,1
truncate,1
interrupted,1
championing,1
violent,1
intimidation,1
municipalities,1
october's,1
deserve,1
uribe's,1
arbitrary,1
shot,1
countryside,1
orders,1
kill,1
sickening,1
massacres,1
diminution,1
grisly,1
toll,1
afflicting,1
jurists,1
backed,1
bogota,1
murderous,1
guerrillas,1
perpetrated,1
allies,1
cynically,1
legalise,1
opposition,1
insist,1
abides,1
advocate,1
grassroot,1
funded,1
pave,1
lasting,1
cohn,1
bendit,1
grief,1
baghdad,1
karbala,1
shiite,1
festival,1
ashoura,1
injured,1
indiscriminate,1
celebration,1
muzzle,1
advisor,1
warned,1
follows,1
administration's,1
drafting,1
untenable,1
presentations,1
involvements,1
hushed,1
slowed,1
colder,1
insinuate,1
klamt,1
village,1
trip,1
pose,1
unwittingly,1
threatens,1
malaria,1
tb,1
returning,1
would've,1
tory,1
square,1
hostility,1
attacking,1
capabilities,1
asset,1
stories,1
commemorate,1
anniversary,1
rwandan,1
genocide,1
rwanda,1
minute's,1
cusp,1
whirlwind,1
turvy,1
penny,1
directoire,1
cohesive,1
narrow,1
reformed,1
trained,1
possession,1
compliment,1
thoroughness,1
atrocities,1
istanbul,1
preceding,1
lukewarm,1
judged,1
fledged,1
gallery,1
saint,1
martin's,1
school,1
brentwood,1
obsession,1
looser,1
overcoming,1
distorted,1
oostlander's,1
profoundly,1
copies,1
material,1
placed,1
deference,1
declining,1
effects,1
glasgow,1
prestwick,1
link,1
populous,1
enthusiastic,1
disadvantaging,1
closes,1
td,1
wrote,1
seventeenth,1
annotated,1
reserve,1
taoiseach's,1
capitalise,1
promising,1
demonstrating,1
requisite,1
pace,1
overcome,1
inhibiting,1
transpose,1
overreaching,1
holistic,1
withstand,1
powered,1
motor,1
accounted,1
fruitful,1
explicitly,1
globally,1
lag,1
conducive,1
targeted,1
easing,1
succeeding,1
adaptability,1
risen,1
needing,1
attracting,1
cohort,1
adaptation,1
explore,1
fundamentally,1
unavoidably,1
transformations,1
encapsulated,1
nikolaos,1
chountis,1
alavanos,1
cristina,1
soriano,1
mar,1
del,1
carmen,1
vila,1
carlos,1
ripoll,1
enric,1
xavier,1
carles,1
alfred,1
liba,1
greens,1
marco,1
jason,1
azzopardi,1
fenech,1
michael,1
frendo,1
latvian,1
krasts,1
dobelis,1
christoforou,1
tasou,1
kaldi,1
ratifications,1
duly,1
transmitted,1
email,1
tabling,1
forbearance,1
foresee,1
perry's,1
proven,1
redress,1
majesty's,1
treasury,1
department,1
ignorance,1
naivety,1
appals,1
undertook,1
isac,1
cul,1
sac,1
eir,1
alleviate,1
maes,1
indicating,1
author,1
epped,1
elles,1
hot,1
registrated,1
morecambe,1
cockle,1
sands,1
drowned,1
soil,1
smuggling,1
exploiting,1
pound,1
schulz,1
contestants,1
pat,1
unnatural,1
carve,1
inch,1
conspire,1
backroom,1
democracies,1
enforceable,1
compulsory,1
establishments,1
arising,1
withdrawing,1
baroness,1
switch,1
ambient,1
scheduled,1
prominent,1
duties,1
fevered,1
clearest,1
gathered,1
disputations,1
fides,1
handwriting,1
coincidence,1
authentic,1
apposed,1
prima,1
facie,1
irregularity,1
arguably,1
residual,1
derailed,1
rumour,1
demanding,1
presumption,1
newspapers,1
script,1
complements,1
harms,1
creativity,1
deprived,1
taxation,1
flourishing,1
attractive,1
perpetrators,1
community's,1
ministries,1
emotional,1
users,1
intermediaries,1
disturbed,1
fulfils,1
safeguarding,1
jointly,1
mccarthy,1
berenguer,1
fuster,1
deviate,1
conformity,1
horizontal,1
profit,1
presenting,1
plenum,1
reputation,1
shaken,1
spate,1
ending,1
bondholders,1
mostly,1
unable,1
crash,1
angle,1
indications,1
mentality,1
frictions,1
mildly,1
unbalanced,1
troublesome,1
redressed,1
considerations,1
equals,1
csr,1
emac,1
avantgarde,1
preferred,1
differ,1
b,1
potentially,1
imbalance,1
resubmitting,1
differed,1
horror,1
handed,1
comprising,1
importations,1
heinous,1
pivotal,1
rising,1
crimes,1
foul,1
promoted,1
territories,1
scrutinise,1
horrified,1
sympathies,1
taoisech,1
freedoms,1
necessitates,1
processes,1
commits,1
extensively,1
exploitative,1
spectrum,1
outlining,1
rates,1
religion,1
orientation,1
occupational,1
prohibited,1
protections,1
racism,1
xenophobia,1
residency,1
unforgivable,1
surveys,1
voter,1
convene,1
develops,1
eurobarometer,1
poll,1
orderly,1
mess,1
islamophobia,1
inflamed,1
wearing,1
headscarves,1
immigrant,1
tact,1
extremist,1
concur,1
exemplar,1
hypocrisy,1
raging,1
xenophobic,1
strikes,1
portrayed,1
surprised,1
existed,1
perfect,1
interferes,1
dulls,1
protector,1
mirror,1
sident,1
im,1
zeitgeist,1
des,1
teutonischen,1
stils,1
unseres,1
neuen,1
hauses,1
werde,1
einige,1
worte,1
der,1
sprache,1
goethes,1
anbieten,1
stelle,1
eine,1
frage,1
um,1
gottes,1
willen,1
sie,1
hier,1
getan,1
evp,1
abgeordneten,1
herrn,1
borrell,1
ihre,1
abgegeben,1
jetzt,1
sozialdemokraten,1
gegen,1
ihren,1
kandidaten,1
kommission,1
unzuverl,1
ssiger,1
crespo,1
lovely,1
weather,1
schulz's,1
towel,1
deck,1
bail,1
misery,1
geremek,1
yesterday's,1
stood,1
understate,1
prerogatives,1
assurances,1
assemble,1
club,1
curious,1
habits,1
outright,1
winner,1
seats,1
setback,1
pride,1
enhancing,1
nation's,1
inherits,1
signor,1
maladministration,1
whistleblowers,1
olaf,1
sole,1
tags,1
disagreements,1
atlantic,1
unhindered,1
maxim,1
resonance,1
beat,1
arouses,1
unhappy,1
eventuality,1
punished,1
decouple,1
ortuondo,1
compound,1
goed,1
elaborate,1
vaccine,1
amazed,1
backgrounds,1
hung,1
privilege,1
altar,1
closest,1
wisdom,1
unwillingness,1
nominees,1
mistakes,1
submissions,1
hearings,1
ideologists,1
copied,1
intergovernmentalism,1
errors,1
divide,1
boston,1
versus,1
berlin,1
frontier,1
visions,1
broken,1
bode,1
barroso's,1
limits,1
reductions,1
weakened,1
vestige,1
ado,1
grand,1
triple,1
proving,1
cynics,1
soft,1
survival,1
demise,1
undertake,1
departure,1
inadmissibility,1
admissible,1
amounted,1
anyway,1
referral,1
avril,1
doyle,1
uniform,1
labelled,1
label,1
distort,1
charging,1
deva,1
loyola,1
palacio,1
hiv,1
incidence,1
house's,1
weren't,1
unpractical,1
unviable,1
pandora,1
subsidize,1
inhumane,1
untold,1
localised,1
flirting,1
il,1
ireann,1
haha,1
equivalent,1
burke,1
hare,1
disgusting,1
dignity,1
fore,1
multidimensional,1
consented,1
recruitment,1
harbouring,1
tissue,1
transpired,1
falcone,1
usefulness,1
receipt,1
summarise,1
finality,1
consciousness,1
cumulatively,1
corrosive,1
drip,1
leaking,1
fuel,1
tank,1
pull,1
affair,1
crooks,1
expose,1
unscrupulous,1
curb,1
greed,1
winge,1
prospectus,1
breaks,1
washington,1
pcaob,1
ethical,1
educational,1
obligatory,1
rotation,1
accelerating,1
uses,1
clears,1
throat,1
options,1
resolutely,1
dose,1
ethics,1
recast,1
summary,1
surprising,1
ample,1
elaboration,1
lest,1
cherry,1
guiding,1
functioned,1
satisfactorily,1
registered,1
misuse,1
defer,1
recommending,1
conciliation,1
july,1
falling,1
inception,1
remarkably,1
zero,1
criticized,1
rigid,1
phasing,1
jeopardize,1
alternatively,1
reopened,1
cognisance,1
breaking,1
flash,1
goverment,1
unceasing,1
boringly,1
chapter,1
verse,1
compiling,1
subsequent,1
framed,1
determining,1
reception,1
qualification,1
flights,1
russia,1
ukraine,1
steady,1
aproach,1
uncontested,1
contractual,1
extradition,1
safeguards,1
eurojust,1
liaison,1
officers,1
suspected,1
cepol,1
ultimate,1
treaties,1
imminent,1
partial,1
portuguese,1
miranda,1
tassou,1
taramountas,1
postal,1
olle,1
gylling,1
motion,1
frazone,1
entitlement,1
proceeded,1
adhere,1
lawyer,1
lawyer's,1
default,1
surreal,1
puzzled,1
begs,1
anxious,1
scandinavian,1
spanner,1
stalling,1
nil,1
india,1
lots,1
weekend,1
sights,1
towns,1
villages,1
walled,1
lands,1
recipe,1
destabilisation,1
fence,1
neutral,1
anywhere,1
likes,1
heavily,1
imprisoning,1
criminalising,1
dehumanising,1
annan's,1
imaginative,1
card,1
unskilled,1
unpleasant,1
dirty,1
reconstruction,1
ceased,1
sysmin,1
discontinued,1
cotonou,1
allocated,1
indicative,1
generalisation,1
nineties,1
discusses,1
credits,1
approaches,1
initiative's,1
housed,1
millennium,1
participating,1
fossil,1
fuels,1
houses,1
deployment,1
assuring,1
investments,1
titled,1
instrumentalised,1
bounced,1
announcing,1
sincerely,1
intently,1
exhausted,1
themes,1
recurred,1
backwards,1
humble,1
accomplish,1
retrospective,1
contemplated,1
concentrating,1
imperatives,1
successor,1
newly,1
unrealistic,1
elapsed,1
horse,1
water,1
drink,1
burst,1
basic,1
uplifting,1
struggle,1
vindicate,1
interior,1
combining,1
obverse,1
coin,1
beysen,1
aren't,1
outworkings,1
convicted,1
destroy,1
cooperative,1
genesis,1
legislate,1
outcomes,1
ordinary,1
sexually,1
upholds,1
commemoration,1
upholding,1
merely,1
enriched,1
culturally,1
discouraged,1
undoubtedly,1
globalised,1
richer,1
consequence,1
undercurrent,1
propositions,1
elbow,1
impaired,1
widest,1
pastrana,1
enlarges,1
mediterranean,1
assassinations,1
kidnappings,1
narco,1
instability,1
dimensions,1
prevailing,1
exceptions,1
demanded,1
kidnapped,1
ingrid,1
betancourt,1
cambodia,1
indonesia,1
laos,1
transmissible,1
grain,1
devastating,1
economical,1
forgetting,1
unprecedented,1
smallholders,1
backyard,1
forming,1
larger,1
trends,1
affects,1
contingency,1
scrutinising,1
ensured,1
preparedness,1
directorate,1
embassies,1
vietnam's,1
protective,1
laboratory,1
equipment,1
auspices,1
finalized,1
eradicate,1
adjust,1
proportion,1
comprises,1
distinct,1
crises,1
gargantuan,1
emergence,1
driver,1
creator,1
mugged,1
unimpugnable,1
reproach,1
impropriety,1
confess,1
mustn't,1
pensions,1
investor,1
capitalism,1
lesson,1
hudghton,1
miroslav,1
ouzk,1
luck,1
challenging,1
rubric,1
frau,1
goldplated,1
levied,1
lithuania,1
exemptions,1
subsidise,1
shame,1
openness,1
cracked,1
tile,1
mouse,1
dirt,1
restaurant,1
detainees,1
girl,1
ainara,1
admitted,1
estracted,1
extracted,1
youngster,1
usque,1
tandem,1
explored,1
regrets,1
refutes,1
awaiting,1
court's,1
reserves,1
fischler,1
sized,1
toxins,1
intensively,1
adjustment,1
adjusted,1
phytosanitary,1
upgrade,1
salaries,1
marinos,1
tsatsos,1
observed,1
napolitano,1
anniversaries,1
observation,1
spinelli,1
segni,1
introductory,1
consistency,1
garriga,1
allotted,1
campaigned,1
numerous,1
accidents,1
incidents,1
enduring,1
demonstrates,1
resourced,1
traffic,1
shipping,1
lanes,1
collisions,1
avoiding,1
coastal,1
regrettably,1
arms,1
cigarettes,1
geo,1
tangible,1
structure,1
wise,1
disrespect,1
forgive,1
succeeded,1
needless,1
retabling,1
essentially,1
whitedly,1
confuse,1
opting,1
earn,1
massive,1
authored,1
catherine,1
simon,1
professing,1
misinterpreted,1
paragraphs,1
uncover,1
contract,1
unusual,1
striking,1
employee,1
salary,1
tobacco,1
unfeasible,1
disregarded,1
cherished,1
interpreters,1
kindness,1
unbeatable,1
afterwards,1
hurry,1
presided,1
gardensoski,1
jarzembowski,1
accurate,1
peninsula's,1
coast,1
irmandade,1
fala,1
opto,1
pola,1
dos,1
labregos,1
marinheiros,1
chegar,1
voceiro,1
aut,1
ntica,1
liberdade,1
refire,1
como,1
pobos,1
quero,1
seipam,1
caso,1
sup,1
unha,1
excepcional,1
conxunci,1
dignidade,1
forza,1
imprescindible,1
compreender,1
mente,1
sen,1
mulleres,1
assovallados,1
terra,1
aspiran,1
mundo,1
xusto,1
ainda,1
sempre,1
obrigado,1
outlawed,1
eskerrik,1
asko,1
plain,1
umbrella,1
alianza,1
ngo,1
spaniards,1
accusation,1
defended,1
