speech_id,stratum,date,specific_topic,speaker,speaker_country,src_tokens,n_seg_ST,n_seg_TT,nrc_polarity_ST,nrc_polarity_TT,nrc_polarity_delta,valence_ST,valence_TT,valence_delta,arousal_ST,arousal_TT,arousal_delta,dominance_ST,dominance_TT,dominance_delta,pysent_polarity_ST,pysent_polarity_TT,pysent_polarity_delta,emo_dom_ST,emo_dom_TT
10-03-04-m-005,II,2004-03-10,"Preparation of the European Council (Brussels, 25-26 March 2004) – Follow-up to the IGC","Roche, Dick",IRL,1521,62,60,0.6108,0.3783,-0.2325,0.6791,0.6205,-0.0586,0.4315,0.4567,0.0252,0.6141,0.6043,-0.0098,0.2751,0.2132,-0.0619,trust,trust
10-03-04-m-006,II,2004-03-10,"Preparation of the European Council (Brussels, 25-26 March 2004) – Follow-up to the IGC","Kinnock, Neil",GBR,1281,46,47,0.5717,0.427,-0.1447,0.6462,0.6093,-0.0369,0.4497,0.4441,-0.0056,0.6257,0.5998,-0.0259,0.0775,-0.1237,-0.2012,trust,trust
11-02-04-m-045,I,2004-02-11,Nuclear disarmament,"Evans, Jillian",GBR,357,15,17,0.3689,0.2059,-0.163,0.6043,0.5718,-0.0325,0.5142,0.4686,-0.0456,0.6044,0.5647,-0.0397,0.0437,-0.1273,-0.171,trust,trust
11-02-04-m-046,I,2004-02-11,Nuclear disarmament,"Roche, Dick",IRL,1204,46,40,0.6138,0.3683,-0.2455,0.6295,0.5896,-0.0399,0.4458,0.418,-0.0278,0.6235,0.5872,-0.0363,0.3266,0.123,-0.2036,trust,trust
11-02-04-m-047,I,2004-02-11,Nuclear disarmament,"Patten, Christopher",GBR,1022,40,46,0.4167,0.3178,-0.0989,0.6124,0.5827,-0.0297,0.4925,0.4579,-0.0346,0.6393,0.5901,-0.0492,0.1352,0.0871,-0.0481,trust,trust
11-02-04-m-051,I,2004-02-11,Nuclear disarmament,"McKenna, Patricia",IRL,357,12,14,0.7222,0.431,-0.2912,0.696,0.5664,-0.1296,0.4692,0.4603,-0.0089,0.6179,0.5741,-0.0438,0.2852,0.0347,-0.2505,trust,trust
11-02-04-m-053,I,2004-02-11,Nuclear disarmament,"Lucas, Caroline",GBR,227,13,11,0.0564,0.2,0.1436,0.5448,0.5288,-0.016,0.5132,0.4993,-0.0139,0.5893,0.6418,0.0525,-0.316,-0.6057,-0.2897,trust,trust
11-02-04-p-121,I,2004-02-11,Position of the European Union on the hearing in the International Court of Justice on the Israeli wall,"Roche, Dick",IRL,1478,57,52,0.5663,0.3487,-0.2176,0.6496,0.6002,-0.0494,0.4383,0.4326,-0.0057,0.6092,0.5849,-0.0243,0.1637,0.1099,-0.0538,trust,trust
11-02-04-p-124,I,2004-02-11,Position of the European Union on the hearing in the International Court of Justice on the Israeli wall,"Ludford, Baroness Sarah",GBR,364,22,14,-0.2212,0.2976,0.5188,0.5749,0.5526,-0.0223,0.4896,0.4878,-0.0018,0.5798,0.5578,-0.022,-0.2265,-0.4261,-0.1996,fear,anticipation
11-02-04-p-129,I,2004-02-11,Position of the European Union on the hearing in the International Court of Justice on the Israeli wall,"Cushnahan, John Walls",IRL,637,27,19,0.2363,0.4386,0.2023,0.5641,0.5566,-0.0075,0.4604,0.4987,0.0383,0.5987,0.6064,0.0077,-0.4658,-0.5273,-0.0615,trust,trust
11-02-04-p-132,I,2004-02-11,Position of the European Union on the hearing in the International Court of Justice on the Israeli wall,"Lucas, Caroline",GBR,396,17,17,-0.0797,-0.2106,-0.1309,0.577,0.5284,-0.0486,0.4613,0.4537,-0.0076,0.5802,0.5349,-0.0453,-0.4386,-0.5544,-0.1158,trust,trust
11-02-04-p-140,I,2004-02-11,Position of the European Union on the hearing in the International Court of Justice on the Israeli wall,"Roche, Dick",IRL,953,32,26,0.2155,0.3548,0.1393,0.6238,0.5844,-0.0394,0.4316,0.433,0.0014,0.5828,0.5589,-0.0239,0.0156,-0.0928,-0.1084,trust,trust
12-02-04-m-006,I,2004-02-12,Afghanistan,"Patten, Christopher",GBR,1243,55,41,0.5382,0.4526,-0.0856,0.6398,0.6017,-0.0381,0.4588,0.4443,-0.0145,0.5979,0.574,-0.0239,0.2842,0.0882,-0.196,trust,trust
12-02-04-m-016,I,2004-02-12,Afghanistan,"Nicholson of Winterbourne, Baroness",GBR,279,16,10,-0.0021,0.16,0.1621,0.5773,0.4741,-0.1032,0.4926,0.5077,0.0151,0.6266,0.5523,-0.0743,-0.3701,-0.5257,-0.1556,fear,trust
12-02-04-m-019,I,2004-02-12,Afghanistan,"Sandbaek, Ulla Margrethe",DNK,451,28,22,-0.0714,0.197,0.2684,0.5967,0.5409,-0.0558,0.4707,0.4185,-0.0522,0.5867,0.5244,-0.0623,-0.2438,-0.3286,-0.0848,anger,anticipation
12-02-04-m-020,I,2004-02-12,Afghanistan,"Tannock, Timothy Charles Ayrton",GBR,320,12,14,0.1123,0.5714,0.4591,0.5951,0.631,0.0359,0.488,0.4804,-0.0076,0.6184,0.6268,0.0084,-0.2802,-0.2217,0.0585,trust,trust
12-02-04-m-021,I,2004-02-12,Afghanistan,"Stihler, Catherine",GBR,386,21,17,0.0794,0.2745,0.1951,0.5832,0.5886,0.0054,0.4397,0.4626,0.0229,0.5502,0.5649,0.0147,0.1104,-0.152,-0.2624,trust,trust
12-02-04-m-025,I,2004-02-12,Afghanistan,"Ford, Glyn",GBR,499,23,17,0.481,0.0206,-0.4604,0.5971,0.5352,-0.0619,0.438,0.4687,0.0307,0.5644,0.5597,-0.0047,-0.2573,-0.4776,-0.2203,trust,trust
12-02-04-m-027,I,2004-02-12,Afghanistan,"Deva, Nirj",GBR,381,18,15,0.25,0.5778,0.3278,0.64,0.5877,-0.0523,0.4254,0.4475,0.0221,0.5639,0.5677,0.0038,0.21,0.1761,-0.0339,trust,trust
12-02-04-m-031,I,2004-02-12,Reinvigorating EU actions on human rights and democratisation with Mediterranean partners,"Patten, Christopher",GBR,1304,54,48,0.6708,0.5028,-0.168,0.6575,0.6108,-0.0467,0.4332,0.4256,-0.0076,0.6128,0.5821,-0.0307,0.3917,0.2962,-0.0955,trust,anticipation
12-02-04-m-037,I,2004-02-12,Reinvigorating EU actions on human rights and democratisation with Mediterranean partners,"McMillan-Scott, Edward H.C.",GBR,687,25,24,0.7,0.5139,-0.1861,0.6833,0.6381,-0.0452,0.4309,0.4278,-0.0031,0.6122,0.5945,-0.0177,0.276,0.0774,-0.1986,trust,trust
12-02-04-m-044,I,2004-02-12,Reinvigorating EU actions on human rights and democratisation with Mediterranean partners,"Patten, Christopher",GBR,688,28,27,0.481,0.4938,0.0128,0.6244,0.5838,-0.0406,0.4518,0.4777,0.0259,0.5941,0.5941,0.0,0.1603,0.1232,-0.0371,trust,trust
12-02-04-p-127,I,2004-02-12,Elections in Iran,"Tannock, Timothy Charles Ayrton",GBR,178,9,5,0.3148,0.24,-0.0748,0.6428,0.5388,-0.104,0.4969,0.4984,0.0015,0.6422,0.6179,-0.0243,0.3272,-0.011,-0.3382,trust,anticipation
12-02-04-p-131,I,2004-02-12,Elections in Iran,"Patten, Christopher",GBR,1159,56,47,0.4398,0.4399,0.0001,0.6351,0.5748,-0.0603,0.4689,0.4497,-0.0192,0.6063,0.542,-0.0643,0.036,-0.0818,-0.1178,trust,anticipation
12-02-04-p-137,I,2004-02-12,Political assassinations in Cambodia,"Watson, Graham R.",GBR,357,19,16,-0.1368,-0.0938,0.043,0.5252,0.4791,-0.0461,0.5623,0.5026,-0.0597,0.6268,0.5654,-0.0614,-0.4252,-0.4851,-0.0599,trust,trust
12-02-04-p-141,I,2004-02-12,Political assassinations in Cambodia,"Patten, Christopher",GBR,351,15,11,0.1956,0.5455,0.3499,0.5651,0.5436,-0.0215,0.5281,0.4536,-0.0745,0.6243,0.6004,-0.0239,0.2726,0.144,-0.1286,fear,trust
21-04-04-m-051,I,2004-04-21,Situation in the Middle East,"Roche, Dick",IRL,1143,39,39,0.5399,0.5425,0.0026,0.6286,0.5891,-0.0395,0.4521,0.4246,-0.0275,0.6069,0.5696,-0.0373,0.1799,0.0703,-0.1096,trust,trust
21-04-04-m-053,I,2004-04-21,Situation in the Middle East,"Patten, Christopher",GBR,1667,70,67,0.423,0.2049,-0.2181,0.6201,0.5517,-0.0684,0.4258,0.4175,-0.0083,0.5732,0.5219,-0.0513,-0.0989,-0.2132,-0.1143,trust,anticipation
21-04-04-m-056,I,2004-04-21,Situation in the Middle East,"Ludford, Baroness Sarah",GBR,573,23,19,0.0019,0.1333,0.1314,0.5266,0.5098,-0.0168,0.5007,0.4155,-0.0852,0.558,0.4746,-0.0834,-0.3662,-0.6312,-0.265,anger,anticipation
21-04-04-m-059,I,2004-04-21,Situation in the Middle East,"De Rossa, Proinsias",IRL,332,11,10,0.0,0.4833,0.4833,0.6048,0.5765,-0.0283,0.4398,0.443,0.0032,0.5645,0.5579,-0.0066,-0.1568,-0.282,-0.1252,trust,anticipation
21-04-04-m-060,I,2004-04-21,Situation in the Middle East,"Roche, Dick",IRL,1327,58,55,0.1309,0.0939,-0.037,0.6077,0.5509,-0.0568,0.4244,0.4064,-0.018,0.5669,0.522,-0.0449,-0.0371,-0.1581,-0.121,trust,anticipation
21-04-04-m-064,I,2004-04-21,Transatlantic relations,"Roche, Dick",IRL,2365,92,87,0.5464,0.2299,-0.3165,0.6752,0.6085,-0.0667,0.4485,0.4575,0.009,0.61,0.5642,-0.0458,0.294,0.1514,-0.1426,trust,trust
21-04-04-m-066,I,2004-04-21,Transatlantic relations,"Patten, Christopher",GBR,1538,60,59,0.4989,0.4802,-0.0187,0.6597,0.6073,-0.0524,0.4428,0.4406,-0.0022,0.5993,0.5775,-0.0218,0.3767,0.1851,-0.1916,trust,trust
21-07-04-m-005,II,2004-07-21,European Council/Irish presidency,"Ahern, Bertie",IRL,4168,170,141,0.6348,0.4381,-0.1967,0.6748,0.6396,-0.0352,0.4537,0.45,-0.0037,0.6318,0.6205,-0.0113,0.5023,0.4131,-0.0892,trust,trust
21-07-04-m-009,II,2004-07-21,European Council/Irish presidency,"Duff, Andrew",GBR,345,20,22,0.45,0.3182,-0.1318,0.67,0.5593,-0.1107,0.445,0.4258,-0.0192,0.6518,0.5482,-0.1036,0.3336,-0.0025,-0.3361,trust,trust
21-07-04-m-013,II,2004-07-21,European Council/Irish presidency,"Crowley, Brian",IRL,850,23,22,0.7246,0.7712,0.0466,0.6902,0.6379,-0.0523,0.4731,0.4724,-0.0007,0.6427,0.6432,0.0005,0.6998,0.4197,-0.2801,trust,trust
21-07-04-m-015,II,2004-07-21,European Council/Irish presidency,"Doyle, Avril",IRL,895,36,35,0.3472,0.4,0.0528,0.658,0.6028,-0.0552,0.4577,0.4219,-0.0358,0.6099,0.5889,-0.021,0.4519,0.1924,-0.2595,trust,trust
21-07-04-m-016,II,2004-07-21,European Council/Irish presidency,"De Rossa, Proinsias",IRL,335,14,10,0.0912,0.3667,0.2755,0.681,0.5808,-0.1002,0.4475,0.4566,0.0091,0.6203,0.5994,-0.0209,0.0303,-0.2981,-0.3284,trust,trust
21-07-04-m-017,II,2004-07-21,European Council/Irish presidency,"Harkin, Marian",IRL,299,14,12,0.3095,0.3333,0.0238,0.6672,0.6436,-0.0236,0.4929,0.4245,-0.0684,0.6041,0.6064,0.0023,0.2437,0.1911,-0.0526,anticipation,anticipation
21-07-04-m-019,II,2004-07-21,European Council/Irish presidency,"McDonald, Mary Lou",IRL,178,9,12,0.037,0.5,0.463,0.6759,0.6401,-0.0358,0.4824,0.4777,-0.0047,0.6343,0.6825,0.0482,0.4627,0.148,-0.3147,trust,trust
21-07-04-m-020,II,2004-07-21,European Council/Irish Presidency,"Sinnot, Kathy",IRL,306,18,16,0.0889,0.4792,0.3903,0.6915,0.6253,-0.0662,0.4597,0.4753,0.0156,0.6007,0.6247,0.024,0.3481,0.2357,-0.1124,trust,trust
21-07-04-m-022,II,2004-07-21,European Council/Irish Presidency,"Allister, James Hugh",GBR,354,13,15,0.3641,0.2667,-0.0974,0.633,0.5313,-0.1017,0.4593,0.4354,-0.0239,0.6185,0.5458,-0.0727,-0.0381,-0.1667,-0.1286,trust,anticipation
21-07-04-m-026,II,2004-07-21,"European Council/Irish Presidency, Sinn Féin group's expectations from new presidency","de Brún, Bairbre",GBR,223,12,9,0.375,0.7593,0.3843,0.7,0.657,-0.043,0.4267,0.4331,0.0064,0.6009,0.6236,0.0227,0.1242,-0.1572,-0.2814,trust,trust
21-07-04-m-027,II,2004-07-21,European Council/Irish presidency,"Allister, James Hugh",GBR,354,22,24,0.2924,0.1722,-0.1202,0.6724,0.5615,-0.1109,0.435,0.415,-0.02,0.6365,0.5444,-0.0921,0.1023,-0.1863,-0.2886,trust,anticipation
21-07-04-m-033,II,2004-07-21,European Council/Irish presidency,"Ahern, Bertie",IRL,2011,91,85,0.4993,0.4392,-0.0601,0.6758,0.6445,-0.0313,0.4423,0.4346,-0.0077,0.6157,0.6189,0.0032,0.366,0.3518,-0.0142,trust,trust
26-02-04-m-008,I,2004-02-26,EU-Russia relations,"Patten, Christopher",GBR,987,37,39,0.7015,0.5635,-0.138,0.6716,0.6322,-0.0394,0.4446,0.4515,0.0069,0.6209,0.5963,-0.0246,0.2728,0.1416,-0.1312,trust,trust
26-02-04-m-020,I,2004-02-26,EU-Russia relations,"Tannock, Timothy Charles Ayrton",GBR,349,13,13,0.1154,0.3077,0.1923,0.6137,0.5896,-0.0241,0.4837,0.4399,-0.0438,0.6243,0.5894,-0.0349,0.05,-0.1327,-0.1827,trust,trust
26-02-04-m-032,I,2004-02-26,EU Policy towards South Caucasus,"Patten, Christopher",GBR,845,32,31,0.5563,0.0699,-0.4864,0.6502,0.6026,-0.0476,0.4586,0.4459,-0.0127,0.6272,0.5882,-0.039,0.4348,0.2509,-0.1839,trust,trust
26-02-04-m-040,I,2004-02-26,EU Policy towards South Caucasus,"Ludford, Baroness Sarah",GBR,187,10,11,0.4667,0.303,-0.1637,0.6102,0.6103,0.0001,0.4664,0.4311,-0.0353,0.6017,0.5792,-0.0225,-0.2198,-0.1979,0.0219,trust,trust
26-02-04-m-042,I,2004-02-26,EU Policy towards South Caucasus,"Howitt, Richard",GBR,400,19,19,0.2105,0.0526,-0.1579,0.6106,0.5637,-0.0469,0.432,0.4419,0.0099,0.56,0.5371,-0.0229,-0.1715,-0.223,-0.0515,trust,anticipation
30-03-04-p-168,I,2004-03-30,"Joint initiative for peace, stability and democracy throughout the Middle East","Roche, Dick",IRL,1534,66,68,0.6495,0.5137,-0.1358,0.6483,0.6176,-0.0307,0.4304,0.4339,0.0035,0.6168,0.6083,-0.0085,0.2465,0.1816,-0.0649,trust,trust
30-03-04-p-169,I,2004-03-30,Joint initiative for peace stability and democracy throughout the Middle East,"Patten, Christopher",GBR,1565,57,82,0.4281,0.3215,-0.1066,0.6181,0.5716,-0.0465,0.4574,0.4491,-0.0083,0.5966,0.5409,-0.0557,0.0203,-0.0591,-0.0794,trust,trust
30-03-04-p-170,I,2004-03-30,Joint initiative for peace stability and democracy throughout the Middle East,"Cox, Patrick",IRL,273,8,10,0.875,0.36,-0.515,0.647,0.5559,-0.0911,0.4395,0.3851,-0.0544,0.6036,0.5291,-0.0745,0.3679,0.1248,-0.2431,trust,trust
30-03-04-p-185,I,2004-03-30,Joint initiative for peace stability and democracy throughout the Middle East,"Sandbaek, Ulla Margrethe",DNK,223,15,16,-0.0733,0.3917,0.465,0.5733,0.5518,-0.0215,0.5364,0.498,-0.0384,0.5985,0.5951,-0.0034,-0.445,-0.5206,-0.0756,trust,anticipation
30-03-04-p-186,I,2004-03-30,Joint initiative for peace stability and democracy throughout the Middle East,"Tannock, Timothy Charles Ayrton",GBR,368,13,12,0.1082,0.2972,0.189,0.5945,0.5526,-0.0419,0.4378,0.4361,-0.0017,0.5612,0.5192,-0.042,-0.1005,-0.3705,-0.27,fear,anticipation
30-03-04-p-191,I,2004-03-30,Joint initiative for peace stability and democracy throughout the Middle East,"McMillan-Scott, Edward H.C.",GBR,394,20,20,0.4012,0.4,-0.0012,0.6561,0.5728,-0.0833,0.4529,0.4338,-0.0191,0.6147,0.5882,-0.0265,0.0646,-0.1943,-0.2589,trust,trust
30-03-04-p-194,I,2004-03-30,Joint initiative for peace stability and democracy throughout the Middle East,"Banotti, Mary Elizabeth",IRL,378,14,16,-0.0143,0.1167,0.131,0.6284,0.5679,-0.0605,0.4637,0.3861,-0.0776,0.5679,0.502,-0.0659,0.068,-0.024,-0.092,trust,trust
30-03-04-p-198,I,2004-03-30,Joint initiative for peace stability and democracy throughout the Middle East,"De Rossa, Proinsias",IRL,244,12,13,-0.2917,0.0205,0.3122,0.5889,0.5373,-0.0516,0.4744,0.5008,0.0264,0.557,0.5662,0.0092,-0.5592,-0.5197,0.0395,fear,anger
30-03-04-p-200,I,2004-03-30,Joint initiative for peace stability and democracy throughout the Middle East,"Roche, Dick",IRL,373,18,16,0.5926,0.4917,-0.1009,0.6924,0.6003,-0.0921,0.4325,0.4729,0.0404,0.5974,0.6117,0.0143,0.4003,0.2596,-0.1407,trust,anticipation
30-03-04-p-206,I,2004-03-30,Situation in Kosovo,"Roche, Dick",IRL,1428,56,54,0.4334,0.334,-0.0994,0.6297,0.5946,-0.0351,0.4608,0.4496,-0.0112,0.6257,0.6149,-0.0108,0.1362,0.042,-0.0942,trust,trust
30-03-04-p-207,I,2004-03-30,Situation in Kosovo,"Patten, Christopher",GBR,1084,58,57,0.2167,0.0953,-0.1214,0.5848,0.5591,-0.0257,0.4693,0.4373,-0.032,0.5732,0.5369,-0.0363,-0.2201,-0.2682,-0.0481,trust,trust
31-03-04-m-009,II,2004-03-31,European Council / Security,"Ahern, Bertie",IRL,3621,161,155,0.6685,0.4843,-0.1842,0.672,0.6154,-0.0566,0.4524,0.4497,-0.0027,0.63,0.601,-0.029,0.4246,0.2966,-0.128,trust,trust
31-03-04-m-013,II,2004-03-31,European Council / Security,"Watson, Graham R.",GBR,645,40,33,0.2625,0.2626,0.0001,0.5933,0.5536,-0.0397,0.4948,0.4446,-0.0502,0.5876,0.5555,-0.0321,0.0912,0.0101,-0.0811,trust,trust
31-03-04-m-016,II,2004-03-31,European Council / Security,"Collins, Gerard",IRL,760,38,31,0.2035,0.2719,0.0684,0.5845,0.5658,-0.0187,0.4716,0.4838,0.0122,0.588,0.6005,0.0125,0.003,-0.0471,-0.0501,trust,trust
31-03-04-m-019,II,2004-03-31,European Council / Security,"Doyle, Avril",IRL,580,36,32,0.3389,0.0677,-0.2712,0.6107,0.5186,-0.0921,0.4597,0.4621,0.0024,0.6077,0.5381,-0.0696,0.0549,-0.2074,-0.2623,trust,trust
31-03-04-m-031,II,2004-03-31,European Council / Security,"Booth, Graham",GBR,197,11,8,-0.0909,0.375,0.4659,0.5951,0.6014,0.0063,0.4676,0.4198,-0.0478,0.6221,0.6112,-0.0109,-0.2279,-0.1853,0.0426,trust,trust
31-03-04-m-033,II,2004-03-31,European Council / Security,"Evans, Jonathan",GBR,399,22,22,0.5288,0.3939,-0.1349,0.628,0.6024,-0.0256,0.4367,0.4402,0.0035,0.6064,0.6233,0.0169,-0.005,-0.1032,-0.0982,trust,trust
31-03-04-m-034,II,2004-03-31,European Council / Security,"De Rossa, Proinsias",IRL,483,19,14,0.2895,0.5714,0.2819,0.6118,0.6049,-0.0069,0.493,0.5213,0.0283,0.5801,0.6371,0.057,-0.1311,-0.1712,-0.0401,fear,anticipation
31-03-04-m-043,II,2004-03-31,European Council / Security,"Corbett, Richard",GBR,551,29,33,0.3276,0.3434,0.0158,0.6406,0.5642,-0.0764,0.4313,0.4398,0.0085,0.567,0.5538,-0.0132,-0.1395,-0.2971,-0.1576,trust,anticipation
31-03-04-m-048,II,2004-03-31,European Council / Security,"Tannock, Timothy Charles Ayrton",GBR,342,16,17,-0.1313,0.0882,0.2195,0.55,0.5367,-0.0133,0.5347,0.526,-0.0087,0.6128,0.6128,0.0,-0.215,-0.2519,-0.0369,trust,trust
31-03-04-m-051,II,2004-03-31,European Council / Security,"Ahern, Bertie",IRL,3216,115,136,0.5281,0.4314,-0.0967,0.6392,0.5831,-0.0561,0.442,0.4423,0.0003,0.5964,0.5697,-0.0267,0.2477,0.1462,-0.1015,trust,trust
